{"type":"FeatureCollection","name":"walls","features":[{"type":"Feature","id":5,"properties":{"insula_id":"TIMG.E-SW.I2","building_id":"Entrepot","wall_type":"external","period":"Roman","certainty":"medium","plan_source":"Christofle 1930 (plan p. 59)"},"geometry":{"type":"LineString","coordinates":[[6.4635047,35.4861657],[6.4634637,35.4862076],[6.463411,35.4861748],[6.4633534,35.4861389],[6.4633103,35.4861121],[6.4633522,35.4860651],[6.4633828,35.4860307]]}},{"type":"Feature","id":9,"properties":{"insula_id":"TIMG.E-SW.I2","period":"Roman","certainty":"medium","plan_source":"Christofle 1930 (plan p. 59)"},"geometry":{"type":"LineString","coordinates":[[6.4639777,35.4862708],[6.4639627,35.4862612]]}},{"type":"Feature","id":10,"properties":{"insula_id":"TIMG.E-SW.I2","period":"Roman","certainty":"medium","plan_source":"Christofle 1930 (plan p. 59)"},"geometry":{"type":"LineString","coordinates":[[6.4639526,35.4862554],[6.4639394,35.486247]]}},{"type":"Feature","id":11,"properties":{"insula_id":"TIMG.E-SW.I2","period":"Roman","certainty":"medium","plan_source":"Christofle 1930 (plan p. 59)"},"geometry":{"type":"LineString","coordinates":[[6.4639253,35.4862595],[6.4639394,35.486247],[6.4639241,35.4862368]]}},{"type":"Feature","id":12,"properties":{"insula_id":"TIMG.E-SW.I2","period":"Roman","certainty":"medium","plan_source":"Christofle 1930 (plan p. 59)"},"geometry":{"type":"LineString","coordinates":[[6.4639162,35.4862319],[6.4638951,35.486219],[6.4639052,35.486225],[6.463876,35.4862511],[6.4638973,35.486263]]}},{"type":"Feature","id":13,"properties":{"insula_id":"TIMG.E-SW.I2","period":"Roman","certainty":"medium","plan_source":"Christofle 1930 (plan p. 59)"},"geometry":{"type":"LineString","coordinates":[[6.463867,35.4862476],[6.4638531,35.4862389],[6.4638435,35.4862479],[6.4638282,35.4862625]]}},{"type":"Feature","id":14,"properties":{"insula_id":"TIMG.E-SW.I2","period":"Roman","certainty":"medium","plan_source":"Christofle 1930 (plan p. 59)"},"geometry":{"type":"LineString","coordinates":[[6.4638435,35.4862479],[6.4637888,35.4862154]]}},{"type":"Feature","id":15,"properties":{"insula_id":"TIMG.E-SW.I2","period":"Roman","certainty":"medium","plan_source":"Christofle 1930 (plan p. 59)"},"geometry":{"type":"LineString","coordinates":[[6.4637755,35.4862043],[6.4637612,35.4861963]]}},{"type":"Feature","id":16,"properties":{"insula_id":"TIMG.E-SW.I2","period":"Roman","certainty":"medium","plan_source":"Christofle 1930 (plan p. 59)"},"geometry":{"type":"LineString","coordinates":[[6.4637469,35.4861859],[6.4637291,35.4861754],[6.4637217,35.486171]]}},{"type":"Feature","id":17,"properties":{"insula_id":"TIMG.E-SW.I2","plan_source":"Christofle 1930 (plan p. 59)"},"geometry":{"type":"LineString","coordinates":[[6.4637291,35.4861754],[6.4637156,35.4861885]]}},{"type":"Feature","id":18,"properties":{"insula_id":"TIMG.E-SW.I2","period":"Roman","certainty":"medium","plan_source":"Christofle 1930 (plan p. 59)"},"geometry":{"type":"LineString","coordinates":[[6.4637061,35.4861962],[6.4636928,35.4862085],[6.463696,35.4862109]]}},{"type":"Feature","id":19,"properties":{"insula_id":"TIMG.E-SW.I2","plan_source":"Christofle 1930 (plan p. 59)"},"geometry":{"type":"LineString","coordinates":[[6.4636848,35.486223],[6.4636445,35.4861992]]}},{"type":"Feature","id":22,"properties":{"insula_id":"TIMG.E-SW.I2","plan_source":"Christofle 1930 (plan p. 59)"},"geometry":{"type":"LineString","coordinates":[[6.4640233,35.4862202],[6.4640506,35.4861922],[6.4640868,35.4861551],[6.4640442,35.4861283],[6.464025,35.4861163],[6.4640011,35.4861423]]}},{"type":"Feature","id":23,"properties":{"insula_id":"TIMG.E-SW.I2","plan_source":"Christofle 1930 (plan p. 59)"},"geometry":{"type":"LineString","coordinates":[[6.4640442,35.4861283],[6.46405,35.4861227]]}},{"type":"Feature","id":24,"properties":{"insula_id":"TIMG.E-SW.I2","plan_source":"Christofle 1930 (plan p. 59)"},"geometry":{"type":"LineString","coordinates":[[6.4640138,35.4861083],[6.4639877,35.4860933],[6.46402,35.4860603],[6.4640527,35.4860828],[6.4640552,35.4860963]]}},{"type":"Feature","id":25,"properties":{"insula_id":"TIMG.E-SW.I2","plan_source":"Christofle 1930 (plan p. 59)"},"geometry":{"type":"LineString","coordinates":[[6.4639877,35.4860933],[6.4639509,35.4860718]]}},{"type":"Feature","id":26,"properties":{"insula_id":"TIMG.E-SW.I2","plan_source":"Christofle 1930 (plan p. 59)"},"geometry":{"type":"LineString","coordinates":[[6.4639877,35.4860933],[6.4639794,35.486102]]}},{"type":"Feature","id":27,"properties":{"insula_id":"TIMG.E-SW.I2","plan_source":"Christofle 1930 (plan p. 59)"},"geometry":{"type":"LineString","coordinates":[[6.463967,35.4861151],[6.4639955,35.4861311]]}},{"type":"Feature","id":28,"properties":{"insula_id":"TIMG.E-SW.I2","plan_source":"Christofle 1930 (plan p. 59)"},"geometry":{"type":"LineString","coordinates":[[6.4639272,35.4861634],[6.4639536,35.4861345],[6.4639644,35.486141]]}},{"type":"Feature","id":29,"properties":{"insula_id":"TIMG.E-SW.I2","plan_source":"Christofle 1930 (plan p. 59)"},"geometry":{"type":"LineString","coordinates":[[6.4639803,35.4861515],[6.4640197,35.4861737]]}},{"type":"Feature","id":30,"properties":{"insula_id":"TIMG.E-SW.I2","plan_source":"Christofle 1930 (plan p. 59)"},"geometry":{"type":"LineString","coordinates":[[6.4640301,35.4861788],[6.4640506,35.4861922]]}},{"type":"Feature","id":31,"properties":{"insula_id":"TIMG.E-SW.I2","plan_source":"own guess based on satellite imagery"},"geometry":{"type":"LineString","coordinates":[[6.463983,35.4860614],[6.4639974,35.4860454]]}},{"type":"Feature","id":32,"properties":{"insula_id":"TIMG.E-SW.I2","plan_source":"own guess based on satellite imagery"},"geometry":{"type":"LineString","coordinates":[[6.46402,35.4860603],[6.463917,35.485982],[6.4638461,35.4859614]]}},{"type":"Feature","id":33,"properties":{"insula_id":"TIMG.E-SW.I2","plan_source":"own guess based on satellite imagery"},"geometry":{"type":"LineString","coordinates":[[6.463917,35.485982],[6.4638778,35.486031],[6.4638865,35.4860371],[6.4637441,35.4859483]]}},{"type":"Feature","id":34,"properties":{"insula_id":"TIMG.E-SW.I2","plan_source":"own guess based on satellite imagery"},"geometry":{"type":"LineString","coordinates":[[6.4639007,35.4860452],[6.4639389,35.4860652]]}},{"type":"Feature","id":35,"properties":{"insula_id":"TIMG.E-SW.I2","plan_source":"own guess based on satellite imagery"},"geometry":{"type":"LineString","coordinates":[[6.4637315,35.4859404],[6.4637207,35.4859335],[6.4637079,35.4859486]]}},{"type":"Feature","id":36,"properties":{"insula_id":"TIMG.E-SW.I2","plan_source":"own guess based on satellite imagery"},"geometry":{"type":"LineString","coordinates":[[6.4637207,35.4859335],[6.4636662,35.4858965],[6.4636584,35.4859064],[6.4636367,35.4859339],[6.4636298,35.4859426]]}},{"type":"Feature","id":37,"properties":{"insula_id":"TIMG.E-SW.I2","plan_source":"own guess based on satellite imagery"},"geometry":{"type":"LineString","coordinates":[[6.4636752,35.4859559],[6.4636367,35.4859339]]}},{"type":"Feature","id":38,"properties":{"insula_id":"TIMG.E-SW.I2","plan_source":"own guess based on satellite imagery"},"geometry":{"type":"LineString","coordinates":[[6.4636919,35.4859657],[6.4636992,35.4859576]]}},{"type":"Feature","id":39,"properties":{"insula_id":"TIMG.E-SW.I2","plan_source":"own guess based on satellite imagery"},"geometry":{"type":"LineString","coordinates":[[6.4636919,35.4859657],[6.4636751,35.4859855],[6.4636751,35.4859855]]}},{"type":"Feature","id":40,"properties":{"insula_id":"TIMG.E-SW.I2","plan_source":"own guess based on satellite imagery"},"geometry":{"type":"LineString","coordinates":[[6.4636584,35.4859064],[6.4635343,35.4858382],[6.4635176,35.4858588]]}},{"type":"Feature","id":41,"properties":{"insula_id":"TIMG.E-SW.I2","plan_source":"own guess based on satellite imagery"},"geometry":{"type":"LineString","coordinates":[[6.4636464,35.4859869],[6.463555,35.4859381],[6.4634844,35.4859005],[6.4634465,35.4858802],[6.4634424,35.4858781]]}},{"type":"Feature","id":42,"properties":{"insula_id":"TIMG.E-SW.I2","plan_source":"own guess based on satellite imagery"},"geometry":{"type":"LineString","coordinates":[[6.4634465,35.4858802],[6.4634274,35.4858991]]}},{"type":"Feature","id":43,"properties":{"insula_id":"TIMG.E-SW.I2","plan_source":"own guess based on satellite imagery"},"geometry":{"type":"LineString","coordinates":[[6.4634844,35.4859005],[6.4635105,35.4858717]]}},{"type":"Feature","id":44,"properties":{"insula_id":"TIMG.E-SW.I2","plan_source":"own guess based on satellite imagery"},"geometry":{"type":"LineString","coordinates":[[6.4635105,35.4858717],[6.4635046,35.4858677],[6.4634999,35.4858652],[6.4634934,35.4858633],[6.4634862,35.4858626],[6.4634826,35.4858634],[6.4634793,35.4858654],[6.463474,35.4858692],[6.4634715,35.4858737],[6.4634702,35.4858787],[6.4634703,35.4858851]]}},{"type":"Feature","id":45,"properties":{"insula_id":"TIMG.E-SW.I2"},"geometry":{"type":"LineString","coordinates":[[6.4634499,35.4858693],[6.4634554,35.4858627],[6.4634753,35.4858393]]}},{"type":"Feature","id":46,"properties":{"insula_id":"TIMG.E-SW.I2"},"geometry":{"type":"LineString","coordinates":[[6.4633105,35.4857845],[6.4633609,35.4858117],[6.4634554,35.4858627]]}},{"type":"Feature","id":47,"properties":{"insula_id":"TIMG.E-SW.I2"},"geometry":{"type":"LineString","coordinates":[[6.4633609,35.4858117],[6.4633333,35.4858475],[6.4632991,35.4858917]]}},{"type":"Feature","id":48,"properties":{"insula_id":"TIMG.E-SW.I2"},"geometry":{"type":"LineString","coordinates":[[6.4633831,35.4858487],[6.4633678,35.4858661]]}},{"type":"Feature","id":49,"properties":{"insula_id":"TIMG.E-SW.I2"},"geometry":{"type":"LineString","coordinates":[[6.4633932,35.4858799],[6.4633333,35.4858475]]}},{"type":"Feature","id":50,"properties":{"insula_id":"TIMG.E-SW.I2"},"geometry":{"type":"LineString","coordinates":[[6.4633932,35.4858799],[6.4633737,35.485905]]}},{"type":"Feature","id":51,"properties":{"insula_id":"TIMG.E-SW.I2"},"geometry":{"type":"LineString","coordinates":[[6.4632789,35.4858806],[6.4633307,35.4859098]]}},{"type":"Feature","id":52,"properties":{"insula_id":"TIMG.E-SW.I2"},"geometry":{"type":"LineString","coordinates":[[6.4633449,35.485919],[6.463361,35.4859278],[6.4633542,35.4859348],[6.4633668,35.4859207]]}},{"type":"Feature","id":53,"properties":{"insula_id":"TIMG.E-SW.I2"},"geometry":{"type":"LineString","coordinates":[[6.4633509,35.4859608],[6.463349,35.4859598],[6.4633071,35.485938],[6.4632953,35.4859318]]}},{"type":"Feature","id":54,"properties":{"insula_id":"TIMG.E-SW.I2"},"geometry":{"type":"LineString","coordinates":[[6.463349,35.4859598],[6.4633406,35.4859579],[6.4633312,35.4859567],[6.4633202,35.4859572],[6.463314,35.4859613],[6.4633063,35.4859671],[6.4633011,35.4859733],[6.4632996,35.485979],[6.4633022,35.4859868],[6.4633051,35.4859894]]}},{"type":"Feature","id":55,"properties":{"insula_id":"TIMG.E-SW.I2"},"geometry":{"type":"LineString","coordinates":[[6.4633118,35.4859959],[6.4633286,35.4860038]]}},{"type":"Feature","id":56,"properties":{"insula_id":"TIMG.E-SW.I2"},"geometry":{"type":"LineString","coordinates":[[6.4633368,35.4860114],[6.4633447,35.486003]]}},{"type":"Feature","id":57,"properties":{"insula_id":"TIMG.E-SW.I2"},"geometry":{"type":"LineString","coordinates":[[6.4633447,35.486003],[6.4633855,35.4860276],[6.4633828,35.4860307]]}},{"type":"Feature","id":58,"properties":{"insula_id":"TIMG.E-SW.I2"},"geometry":{"type":"LineString","coordinates":[[6.4632789,35.4858806],[6.4632547,35.485911],[6.4632263,35.4859466],[6.463246,35.4859569]]}},{"type":"Feature","id":59,"properties":{"insula_id":"TIMG.E-SW.I2"},"geometry":{"type":"LineString","coordinates":[[6.4632539,35.4859612],[6.4632754,35.4859726]]}},{"type":"Feature","id":60,"properties":{"insula_id":"TIMG.E-SW.I2"},"geometry":{"type":"LineString","coordinates":[[6.4632529,35.4859924],[6.4632548,35.4859906],[6.4632888,35.4859571]]}},{"type":"Feature","id":61,"properties":{"insula_id":"TIMG.E-SW.I2"},"geometry":{"type":"LineString","coordinates":[[6.4632913,35.4859544],[6.4633071,35.485938]]}},{"type":"Feature","id":62,"properties":{"insula_id":"TIMG.E-SW.I2"},"geometry":{"type":"LineString","coordinates":[[6.4632547,35.485911],[6.4632835,35.4859259]]}},{"type":"Feature","id":63,"properties":{"insula_id":"TIMG.E-SW.I2"},"geometry":{"type":"LineString","coordinates":[[6.463309,35.4859175],[6.4632953,35.4859318]]}},{"type":"Feature","id":64,"properties":{"insula_id":"TIMG.E-SW.I2"},"geometry":{"type":"LineString","coordinates":[[6.4633357,35.4860486],[6.463314,35.486033],[6.463309,35.4860294]]}},{"type":"Feature","id":65,"properties":{"insula_id":"TIMG.E-SW.I2"},"geometry":{"type":"LineString","coordinates":[[6.463314,35.486033],[6.4633251,35.4860205]]}},{"type":"Feature","id":66,"properties":{"insula_id":"TIMG.E-SW.I2"},"geometry":{"type":"LineString","coordinates":[[6.4632998,35.4860219],[6.4632548,35.4859906]]}},{"type":"Feature","id":67,"properties":{"insula_id":"TIMG.E-SW.I2"},"geometry":{"type":"LineString","coordinates":[[6.4633849,35.485952],[6.4633701,35.4859697],[6.4633661,35.4859658],[6.4633701,35.4859697],[6.4633631,35.4859764]]}},{"type":"Feature","id":68,"properties":{"insula_id":"TIMG.E-SW.I2"},"geometry":{"type":"LineString","coordinates":[[6.4634012,35.485938],[6.4634073,35.4859404],[6.4634139,35.4859399],[6.4634189,35.4859363],[6.4634234,35.4859313],[6.4634264,35.4859266],[6.4634266,35.4859232],[6.4634257,35.4859209],[6.4634212,35.4859178]]}},{"type":"Feature","id":69,"properties":{"insula_id":"TIMG.E-SW.I2"},"geometry":{"type":"LineString","coordinates":[[6.463555,35.4859381],[6.4635051,35.4860008],[6.4636049,35.4860541],[6.4635896,35.4860729]]}},{"type":"Feature","id":70,"properties":{"insula_id":"TIMG.E-SW.I2"},"geometry":{"type":"LineString","coordinates":[[6.4636177,35.4860423],[6.463632,35.4860298]]}},{"type":"Feature","id":71,"properties":{"insula_id":"TIMG.E-SW.I2"},"geometry":{"type":"LineString","coordinates":[[6.4636429,35.4860166],[6.4636563,35.4860016]]}},{"type":"Feature","id":72,"properties":{"insula_id":"TIMG.E-SW.I2"},"geometry":{"type":"LineString","coordinates":[[6.4636557,35.4859918],[6.4636629,35.4859951],[6.4636751,35.4859855]]}},{"type":"Feature","id":73,"properties":{"insula_id":"TIMG.E-SW.I2"},"geometry":{"type":"LineString","coordinates":[[6.4635645,35.4860957],[6.4635805,35.4860807],[6.4635994,35.4860941]]}},{"type":"Feature","id":74,"properties":{"insula_id":"TIMG.E-SW.I2"},"geometry":{"type":"LineString","coordinates":[[6.4636067,35.4860983],[6.4636267,35.4861116],[6.4636493,35.4861266]]}},{"type":"Feature","id":75,"properties":{"insula_id":"TIMG.E-SW.I2"},"geometry":{"type":"LineString","coordinates":[[6.4636267,35.4861116],[6.4635959,35.4861434],[6.4636144,35.4861582],[6.463552,35.4861116]]}},{"type":"Feature","id":76,"properties":{"insula_id":"TIMG.E-SW.I2"},"geometry":{"type":"LineString","coordinates":[[6.4635047,35.4861657],[6.4635084,35.4861615],[6.4635402,35.4861251],[6.463552,35.4861116]]}},{"type":"Feature","id":77,"properties":{"insula_id":"TIMG.E-SW.I2"},"geometry":{"type":"LineString","coordinates":[[6.4635675,35.486202],[6.4635047,35.4861657]]}},{"type":"Feature","id":78,"properties":{"insula_id":"TIMG.E-SW.I2"},"geometry":{"type":"LineString","coordinates":[[6.4635675,35.486202],[6.4635859,35.4861839]]}},{"type":"Feature","id":79,"properties":{"insula_id":"TIMG.E-SW.I2"},"geometry":{"type":"LineString","coordinates":[[6.4635967,35.4862221],[6.463579,35.4862089]]}},{"type":"Feature","id":80,"properties":{"insula_id":"TIMG.E-SW.I2"},"geometry":{"type":"LineString","coordinates":[[6.4635967,35.4862221],[6.4636431,35.4861767],[6.4636775,35.4861431],[6.4636582,35.4861313],[6.4636835,35.4861458]]}},{"type":"Feature","id":81,"properties":{"insula_id":"TIMG.E-SW.I2"},"geometry":{"type":"LineString","coordinates":[[6.4636229,35.4861635],[6.4636431,35.4861767]]}},{"type":"Feature","id":82,"properties":{"insula_id":"TIMG.E-SW.I2"},"geometry":{"type":"LineString","coordinates":[[6.4633534,35.4861389],[6.4633681,35.4861226]]}},{"type":"Feature","id":83,"properties":{"insula_id":"TIMG.E-SW.I2"},"geometry":{"type":"LineString","coordinates":[[6.4633747,35.4861147],[6.4633855,35.4861027],[6.4634048,35.4860814]]}},{"type":"Feature","id":84,"properties":{"insula_id":"TIMG.E-SW.I2"},"geometry":{"type":"LineString","coordinates":[[6.4633855,35.4861027],[6.4634443,35.4861382],[6.463411,35.4861748],[6.4634872,35.4860927]]}},{"type":"Feature","id":85,"properties":{"insula_id":"TIMG.E-SW.I2"},"geometry":{"type":"LineString","coordinates":[[6.4634657,35.4861369],[6.4635039,35.4861589],[6.4635084,35.4861615]]}},{"type":"Feature","id":86,"properties":{"insula_id":"TIMG.E-SW.I2"},"geometry":{"type":"LineString","coordinates":[[6.463499,35.486101],[6.4635402,35.4861251]]}},{"type":"Feature","id":87,"properties":{"insula_id":"TIMG.E-SW.I2"},"geometry":{"type":"LineString","coordinates":[[6.4634872,35.4860927],[6.4634274,35.4860556],[6.4634145,35.4860693]]}},{"type":"Feature","id":88,"properties":{"insula_id":"TIMG.E-SW.I2"},"geometry":{"type":"LineString","coordinates":[[6.4634274,35.4860556],[6.4634144,35.4860463]]}},{"type":"Feature","id":89,"properties":{"insula_id":"TIMG.E-SW.I2"},"geometry":{"type":"LineString","coordinates":[[6.4634037,35.4860402],[6.4633855,35.4860276]]}},{"type":"Feature","id":90,"properties":{"insula_id":"TIMG.E-SW.I2"},"geometry":{"type":"LineString","coordinates":[[6.4636541,35.4860827],[6.4636819,35.486099],[6.4636819,35.486099]]}},{"type":"Feature","id":91,"properties":{"insula_id":"TIMG.E-SW.I2"},"geometry":{"type":"LineString","coordinates":[[6.4636989,35.4861094],[6.4638357,35.4861965],[6.4639243,35.4861059],[6.4637404,35.4859929]]}},{"type":"Feature","id":92,"properties":{"insula_id":"TIMG.E-SW.I2"},"geometry":{"type":"LineString","coordinates":[[6.4639083,35.4861809],[6.4638805,35.4862097],[6.4638805,35.4862097]]}},{"type":"Feature","id":93,"properties":{"insula_id":"TIMG.E-SW.I2"},"geometry":{"type":"LineString","coordinates":[[6.4638805,35.4862097],[6.4638876,35.4862159]]}},{"type":"Feature","id":94,"properties":{"insula_id":"TIMG.E-SW.I2"},"geometry":{"type":"LineString","coordinates":[[6.4638589,35.4862314],[6.463862,35.4862252]]}},{"type":"Feature","id":95,"properties":{"insula_id":"TIMG.E-SW.I2"},"geometry":{"type":"LineString","coordinates":[[6.4635967,35.4862221],[6.463646,35.4862592],[6.4636673,35.4862398]]}},{"type":"Feature","id":96,"properties":{"insula_id":"TIMG.E-SW.I2"},"geometry":{"type":"LineString","coordinates":[[6.4639915,35.4862554],[6.4639447,35.486298],[6.46394,35.4862924]]}},{"type":"Feature","id":97,"properties":{"insula_id":"TIMG.E-SW.I2"},"geometry":{"type":"LineString","coordinates":[[6.4639329,35.4862864],[6.4639011,35.4862595],[6.4638973,35.486263],[6.4638683,35.4862858],[6.4638185,35.4862535]]}},{"type":"Feature","id":98,"properties":{"insula_id":"TIMG.E-SW.I2"},"geometry":{"type":"LineString","coordinates":[[6.4638127,35.4862465],[6.4637998,35.4862388],[6.4637871,35.4862519]]}},{"type":"Feature","id":99,"properties":{"insula_id":"TIMG.E-SW.I2"},"geometry":{"type":"LineString","coordinates":[[6.4637873,35.4862127],[6.463746,35.4862579],[6.4637581,35.4862442],[6.4637536,35.4862407]]}},{"type":"Feature","id":100,"properties":{"insula_id":"TIMG.E-SW.I2"},"geometry":{"type":"LineString","coordinates":[[6.4637375,35.4862673],[6.4637118,35.4862544],[6.4637337,35.4862302],[6.4637419,35.4862339],[6.4637257,35.4862262],[6.4637412,35.486233],[6.4637632,35.4862108]]}},{"type":"Feature","id":101,"properties":{"insula_id":"TIMG.E-SW.I2"},"geometry":{"type":"LineString","coordinates":[[6.4637375,35.4862673],[6.4637407,35.4862652]]}},{"type":"Feature","id":102,"properties":{"insula_id":"TIMG.E-SW.I2"},"geometry":{"type":"LineString","coordinates":[[6.4637149,35.4862197],[6.463696,35.4862109],[6.4636783,35.4862291]]}},{"type":"Feature","id":103,"properties":{"insula_id":"TIMG.E-SW.I1","wall_type":"external","plan_source":"Ballu 1903; 1905, 156; Germain 1969, fig. 6"},"geometry":{"type":"LineString","coordinates":[[6.4679921,35.4835513],[6.4679948,35.4835341]]}},{"type":"Feature","id":104,"properties":{"insula_id":"TIMG.E-SW.I1","wall_type":"external","plan_source":"Ballu 1903; 1905, 156; Germain 1969, fig. 6"},"geometry":{"type":"LineString","coordinates":[[6.4679913,35.4835666],[6.4679894,35.4835831],[6.4679292,35.4835785],[6.467902,35.4835764],[6.4677948,35.4835682]]}},{"type":"Feature","id":105,"properties":{"insula_id":"TIMG.E-SW.I1","wall_type":"external","plan_source":"Ballu 1903; 1905, 156; Germain 1969, fig. 6"},"geometry":{"type":"LineString","coordinates":[[6.4677294,35.4835647],[6.4677572,35.4835659]]}},{"type":"Feature","id":106,"properties":{"insula_id":"TIMG.E-SW.I1","wall_type":"external","plan_source":"Ballu 1903; 1905, 156; Germain 1969, fig. 6"},"geometry":{"type":"LineString","coordinates":[[6.4677008,35.4835617],[6.4676541,35.4835593],[6.4675428,35.4835536]]}},{"type":"Feature","id":107,"properties":{"insula_id":"TIMG.E-SW.I1","wall_type":"external","plan_source":"Ballu 1903; 1905, 156; Germain 1969, fig. 6"},"geometry":{"type":"LineString","coordinates":[[6.4675218,35.4835511],[6.4672922,35.483533]]}},{"type":"Feature","id":108,"properties":{"insula_id":"TIMG.E-SW.I1","wall_type":"external","plan_source":"Ballu 1903; 1905, 156; Germain 1969, fig. 6"},"geometry":{"type":"LineString","coordinates":[[6.4672922,35.483533],[6.4673019,35.4834558]]}},{"type":"Feature","id":109,"properties":{"insula_id":"TIMG.E-SW.I1","wall_type":"external","plan_source":"Ballu 1903; 1905, 156; Germain 1969, fig. 6"},"geometry":{"type":"LineString","coordinates":[[6.4673025,35.4834423],[6.4673068,35.4833982],[6.4673131,35.4833332],[6.4673156,35.4833084],[6.4673246,35.483216]]}},{"type":"Feature","id":113,"properties":{"insula_id":"TIMG.E-SW.I1","wall_type":"external","plan_source":"Ballu 1903; 1905, 156; Germain 1969, fig. 6"},"geometry":{"type":"LineString","coordinates":[[6.4673246,35.483216],[6.4673926,35.4832185]]}},{"type":"Feature","id":114,"properties":{"insula_id":"TIMG.E-SW.I1","wall_type":"external","plan_source":"Ballu 1903; 1905, 156; Germain 1969, fig. 6"},"geometry":{"type":"LineString","coordinates":[[6.4674226,35.4832215],[6.4674482,35.4832225],[6.4674828,35.483224]]}},{"type":"Feature","id":115,"properties":{"insula_id":"TIMG.E-SW.I1","wall_type":"external","plan_source":"Ballu 1903; 1905, 156; Germain 1969, fig. 6"},"geometry":{"type":"LineString","coordinates":[[6.4675,35.4832249],[6.4675408,35.4832275],[6.4676518,35.4832344]]}},{"type":"Feature","id":116,"properties":{"insula_id":"TIMG.E-SW.I1","wall_type":"external","plan_source":"Ballu 1903; 1905, 156; Germain 1969, fig. 6"},"geometry":{"type":"LineString","coordinates":[[6.4676736,35.4832367],[6.467731,35.4832408],[6.4677659,35.4832434],[6.4678211,35.4832474]]}},{"type":"Feature","id":117,"properties":{"insula_id":"TIMG.E-SW.I1","wall_type":"external","plan_source":"Ballu 1903; 1905, 156; Germain 1969, fig. 6"},"geometry":{"type":"LineString","coordinates":[[6.4678342,35.483248],[6.4678544,35.4832497],[6.4678735,35.4832512]]}},{"type":"Feature","id":118,"properties":{"insula_id":"TIMG.E-SW.I1","wall_type":"external","plan_source":"Ballu 1903; 1905, 156; Germain 1969, fig. 6"},"geometry":{"type":"LineString","coordinates":[[6.4678875,35.4832533],[6.4679089,35.4832555]]}},{"type":"Feature","id":119,"properties":{"insula_id":"TIMG.E-SW.I1","wall_type":"external","plan_source":"Ballu 1903; 1905, 156; Germain 1969, fig. 6"},"geometry":{"type":"LineString","coordinates":[[6.467927,35.483257],[6.4679931,35.4832623]]}},{"type":"Feature","id":120,"properties":{"insula_id":"TIMG.E-SW.I1","wall_type":"external","plan_source":"Ballu 1903; 1905, 156; Germain 1969, fig. 6"},"geometry":{"type":"LineString","coordinates":[[6.4679894,35.4832897],[6.4679931,35.4832623]]}},{"type":"Feature","id":121,"properties":{"insula_id":"TIMG.E-SW.I1","wall_type":"external","plan_source":"Ballu 1903; 1905, 156; Germain 1969, fig. 6"},"geometry":{"type":"LineString","coordinates":[[6.4679858,35.4833059],[6.4679826,35.4833446],[6.4679801,35.4833743]]}},{"type":"Feature","id":122,"properties":{"insula_id":"TIMG.E-SW.I1","wall_type":"external","plan_source":"Ballu 1903; 1905, 156; Germain 1969, fig. 6"},"geometry":{"type":"LineString","coordinates":[[6.4679767,35.4833963],[6.4679757,35.483414],[6.4679754,35.483419],[6.4679748,35.483429]]}},{"type":"Feature","id":123,"properties":{"insula_id":"TIMG.E-SW.I1","wall_type":"external","plan_source":"Ballu 1903; 1905, 156; Germain 1969, fig. 6"},"geometry":{"type":"LineString","coordinates":[[6.4679733,35.4834388],[6.4679726,35.4834577]]}},{"type":"Feature","id":124,"properties":{"insula_id":"TIMG.E-SW.I1","wall_type":"external","plan_source":"Ballu 1903; 1905, 156; Germain 1969, fig. 6"},"geometry":{"type":"LineString","coordinates":[[6.4679862,35.4834616],[6.4680026,35.4834631]]}},{"type":"Feature","id":125,"properties":{"insula_id":"TIMG.E-SW.I1","wall_type":"external","plan_source":"Ballu 1903; 1905, 156; Germain 1969, fig. 6"},"geometry":{"type":"LineString","coordinates":[[6.4680026,35.4834631],[6.4680015,35.483471]]}},{"type":"Feature","id":126,"properties":{"insula_id":"TIMG.E-SW.I1","wall_type":"external","plan_source":"Ballu 1903; 1905, 156; Germain 1969, fig. 6"},"geometry":{"type":"LineString","coordinates":[[6.4680002,35.4834836],[6.4679984,35.4835075],[6.4679978,35.4835171]]}},{"type":"Feature","id":127,"properties":{"insula_id":"TIMG.E-SW.I1","wall_type":"internal","plan_source":"Ballu 1903; 1905, 156; Germain 1969, fig. 6"},"geometry":{"type":"LineString","coordinates":[[6.4673019,35.4834558],[6.4674208,35.483463]]}},{"type":"Feature","id":128,"properties":{"insula_id":"TIMG.E-SW.I1","wall_type":"internal","plan_source":"Ballu 1903; 1905, 156; Germain 1969, fig. 6"},"geometry":{"type":"LineString","coordinates":[[6.4674352,35.4834645],[6.4674699,35.483467],[6.467521,35.4834707]]}},{"type":"Feature","id":129,"properties":{"insula_id":"TIMG.E-SW.I1","wall_type":"internal","plan_source":"Ballu 1903; 1905, 156; Germain 1969, fig. 6"},"geometry":{"type":"LineString","coordinates":[[6.467423,35.4834268],[6.4673162,35.4834212]]}},{"type":"Feature","id":130,"properties":{"insula_id":"TIMG.E-SW.I1","wall_type":"internal","plan_source":"Ballu 1903; 1905, 156; Germain 1969, fig. 6"},"geometry":{"type":"LineString","coordinates":[[6.4674394,35.4834283],[6.4674731,35.4834297],[6.4674699,35.483467]]}},{"type":"Feature","id":131,"properties":{"insula_id":"TIMG.E-SW.I1","wall_type":"internal","plan_source":"Ballu 1903; 1905, 156; Germain 1969, fig. 6"},"geometry":{"type":"LineString","coordinates":[[6.4674217,35.4834064],[6.4673068,35.4833982]]}},{"type":"Feature","id":132,"properties":{"insula_id":"TIMG.E-SW.I1","wall_type":"internal","plan_source":"Ballu 1903; 1905, 156; Germain 1969, fig. 6"},"geometry":{"type":"LineString","coordinates":[[6.4673156,35.4833084],[6.4674416,35.4833154],[6.4674755,35.4833173]]}},{"type":"Feature","id":133,"properties":{"insula_id":"TIMG.E-SW.I1","wall_type":"internal","plan_source":"Ballu 1903; 1905, 156; Germain 1969, fig. 6"},"geometry":{"type":"LineString","coordinates":[[6.4673131,35.4833332],[6.4674001,35.4833391]]}},{"type":"Feature","id":134,"properties":{"insula_id":"TIMG.E-SW.I1","wall_type":"internal","plan_source":"Ballu 1903; 1905, 156; Germain 1969, fig. 6"},"geometry":{"type":"LineString","coordinates":[[6.4676189,35.4834153],[6.4674432,35.4834054]]}},{"type":"Feature","id":135,"properties":{"insula_id":"TIMG.E-SW.I1","wall_type":"internal","plan_source":"Ballu 1903; 1905, 156; Germain 1969, fig. 6"},"geometry":{"type":"LineString","coordinates":[[6.4676189,35.4834153],[6.4676188,35.4834286],[6.4676183,35.4834793]]}},{"type":"Feature","id":136,"properties":{"insula_id":"TIMG.E-SW.I1","wall_type":"internal","plan_source":"Ballu 1903; 1905, 156; Germain 1969, fig. 6"},"geometry":{"type":"LineString","coordinates":[[6.4676188,35.4834286],[6.4676984,35.483433],[6.4676973,35.4834523]]}},{"type":"Feature","id":137,"properties":{"insula_id":"TIMG.E-SW.I1","wall_type":"internal","plan_source":"Ballu 1903; 1905, 156; Germain 1969, fig. 6"},"geometry":{"type":"LineString","coordinates":[[6.467566,35.483513],[6.4676554,35.4835167],[6.4676541,35.4835593]]}},{"type":"Feature","id":138,"properties":{"insula_id":"TIMG.E-SW.I1","wall_type":"internal","plan_source":"Ballu 1903; 1905, 156; Germain 1969, fig. 6"},"geometry":{"type":"LineString","coordinates":[[6.4676183,35.4834793],[6.4676943,35.4834838]]}},{"type":"Feature","id":139,"properties":{"insula_id":"TIMG.E-SW.I1","wall_type":"internal","plan_source":"Ballu 1903; 1905, 156; Germain 1969, fig. 6"},"geometry":{"type":"LineString","coordinates":[[6.4679726,35.4834577],[6.4679366,35.4834553],[6.4678937,35.4834525]]}},{"type":"Feature","id":140,"properties":{"insula_id":"TIMG.E-SW.I1","wall_type":"internal","plan_source":"Ballu 1903; 1905, 156; Germain 1969, fig. 6"},"geometry":{"type":"LineString","coordinates":[[6.4679757,35.483414],[6.4679409,35.4834124],[6.4678971,35.4834104]]}},{"type":"Feature","id":141,"properties":{"insula_id":"TIMG.E-SW.I1","wall_type":"internal","plan_source":"Ballu 1903; 1905, 156; Germain 1969, fig. 6"},"geometry":{"type":"LineString","coordinates":[[6.4678875,35.4832533],[6.4678802,35.4833744]]}},{"type":"Feature","id":142,"properties":{"insula_id":"TIMG.E-SW.I1","wall_type":"internal","plan_source":"Ballu 1903; 1905, 156; Germain 1969, fig. 6"},"geometry":{"type":"LineString","coordinates":[[6.4678767,35.4833937],[6.4678766,35.4834118]]}},{"type":"Feature","id":143,"properties":{"insula_id":"TIMG.E-SW.I1","wall_type":"internal","plan_source":"Ballu 1903; 1905, 156; Germain 1969, fig. 6"},"geometry":{"type":"LineString","coordinates":[[6.4675401,35.4832797],[6.4676081,35.4832853],[6.4676533,35.483289]]}},{"type":"Feature","id":144,"properties":{"insula_id":"TIMG.E-SW.I1","wall_type":"internal","plan_source":"Ballu 1903; 1905, 156; Germain 1969, fig. 6"},"geometry":{"type":"LineString","coordinates":[[6.4674217,35.4834064],[6.4674228,35.4833868]]}},{"type":"Feature","id":145,"properties":{"insula_id":"TIMG.E-SW.I1","wall_type":"internal","plan_source":"Ballu 1903; 1905, 156; Germain 1969, fig. 6"},"geometry":{"type":"LineString","coordinates":[[6.4679826,35.4833446],[6.467883,35.4833386]]}},{"type":"Feature","id":146,"properties":{"insula_id":"TIMG.E-SW.I1","wall_type":"internal","plan_source":"Ballu 1903; 1905, 156; Germain 1969, fig. 6"},"geometry":{"type":"LineString","coordinates":[[6.467902,35.4835764],[6.4679046,35.4835511]]}},{"type":"Feature","id":147,"properties":{"insula_id":"TIMG.E-SW.I1","wall_type":"internal","plan_source":"Ballu 1903; 1905, 156; Germain 1969, fig. 6"},"geometry":{"type":"LineString","coordinates":[[6.4679292,35.4835785],[6.4679345,35.4835029]]}},{"type":"Feature","id":148,"properties":{"insula_id":"TIMG.E-SW.I1","wall_type":"internal","plan_source":"Ballu 1903; 1905, 156; Germain 1969, fig. 6"},"geometry":{"type":"LineString","coordinates":[[6.4679345,35.4835029],[6.4678879,35.4835005],[6.4678865,35.4835302]]}},{"type":"Feature","id":149,"properties":{"insula_id":"TIMG.E-SW.I1","wall_type":"internal","plan_source":"Ballu 1903; 1905, 156; Germain 1969, fig. 6"},"geometry":{"type":"LineString","coordinates":[[6.4679046,35.4835511],[6.4678774,35.4835492],[6.4678867,35.4835494],[6.4678878,35.48354]]}},{"type":"Feature","id":150,"properties":{"insula_id":"TIMG.E-SW.I1","wall_type":"internal","plan_source":"Ballu 1903; 1905, 156; Germain 1969, fig. 6"},"geometry":{"type":"LineString","coordinates":[[6.4677948,35.4835682],[6.4677952,35.4835602]]}},{"type":"Feature","id":156,"properties":{"insula_id":"TIMG.E-SW.I1","wall_type":"internal","plan_source":"Ballu 1903; 1905, 156; Germain 1969, fig. 6"},"geometry":{"type":"LineString","coordinates":[[6.4677294,35.4835647],[6.4677304,35.4834882]]}},{"type":"Feature","id":157,"properties":{"insula_id":"TIMG.E-SW.I1","wall_type":"internal","plan_source":"Ballu 1903; 1905, 156; Germain 1969, fig. 6"},"geometry":{"type":"LineString","coordinates":[[6.4677304,35.4834882],[6.4677706,35.4834897]]}},{"type":"Feature","id":159,"properties":{"insula_id":"TIMG.E-SW.I1","wall_type":"internal","plan_source":"Ballu 1903; 1905, 156; Germain 1969, fig. 6"},"geometry":{"type":"LineString","coordinates":[[6.4677304,35.4834882],[6.4677281,35.4834541],[6.4677685,35.4834563]]}},{"type":"Feature","id":160,"properties":{"insula_id":"TIMG.E-SW.I1","wall_type":"internal","plan_source":"Ballu 1903; 1905, 156; Germain 1969, fig. 6"},"geometry":{"type":"LineString","coordinates":[[6.4677867,35.483457],[6.4678383,35.4834604],[6.4678573,35.4834617]]}},{"type":"Feature","id":161,"properties":{"insula_id":"TIMG.E-SW.I1","wall_type":"internal","description":"not in plan, drawn from satellite","plan_source":"Ballu 1903; 1905, 156; Germain 1969, fig. 6"},"geometry":{"type":"LineString","coordinates":[[6.4678357,35.4834949],[6.4678383,35.4834604]]}},{"type":"Feature","id":162,"properties":{"insula_id":"TIMG.E-SW.I1","wall_type":"internal","plan_source":"Ballu 1903; 1905, 156; Germain 1969, fig. 6"},"geometry":{"type":"LineString","coordinates":[[6.4679345,35.4835029],[6.4679984,35.4835075]]}},{"type":"Feature","id":163,"properties":{"insula_id":"TIMG.E-SW.I1","wall_type":"internal","plan_source":"Ballu 1903; 1905, 156; Germain 1969, fig. 6"},"geometry":{"type":"LineString","coordinates":[[6.4678879,35.4835005],[6.4678971,35.4834104]]}},{"type":"Feature","id":164,"properties":{"insula_id":"TIMG.E-SW.I1","wall_type":"internal","plan_source":"Ballu 1903; 1905, 156; Germain 1969, fig. 6"},"geometry":{"type":"LineString","coordinates":[[6.4679366,35.4834553],[6.4679382,35.4834362]]}},{"type":"Feature","id":165,"properties":{"insula_id":"TIMG.E-SW.I1","wall_type":"internal","plan_source":"Ballu 1903; 1905, 156; Germain 1969, fig. 6"},"geometry":{"type":"LineString","coordinates":[[6.4679409,35.4834124],[6.4679392,35.4834252],[6.4679392,35.4834252]]}},{"type":"Feature","id":166,"properties":{"insula_id":"TIMG.E-SW.I1","wall_type":"internal","plan_source":"Ballu 1903; 1905, 156; Germain 1969, fig. 6"},"geometry":{"type":"LineString","coordinates":[[6.4679345,35.4835029],[6.4679361,35.4834835]]}},{"type":"Feature","id":167,"properties":{"insula_id":"TIMG.E-SW.I1","wall_type":"internal","plan_source":"Ballu 1903; 1905, 156; Germain 1969, fig. 6"},"geometry":{"type":"LineString","coordinates":[[6.4679374,35.48347],[6.4679366,35.4834553]]}},{"type":"Feature","id":168,"properties":{"insula_id":"TIMG.E-SW.I1","wall_type":"internal","plan_source":"Ballu 1903; 1905, 156; Germain 1969, fig. 6"},"geometry":{"type":"LineString","coordinates":[[6.4678762,35.4834229],[6.4678739,35.4834617]]}},{"type":"Feature","id":169,"properties":{"insula_id":"TIMG.E-SW.I1","wall_type":"internal","plan_source":"Ballu 1903; 1905, 156; Germain 1969, fig. 6"},"geometry":{"type":"LineString","coordinates":[[6.4676992,35.4834234],[6.4676999,35.4834069]]}},{"type":"Feature","id":170,"properties":{"insula_id":"TIMG.E-SW.I1","wall_type":"internal","plan_source":"Ballu 1903; 1905, 156; Germain 1969, fig. 6"},"geometry":{"type":"LineString","coordinates":[[6.4677068,35.4833564],[6.467623,35.4833551],[6.4676456,35.4833549],[6.4676456,35.4833486]]}},{"type":"Feature","id":171,"properties":{"insula_id":"TIMG.E-SW.I1","wall_type":"internal","plan_source":"Ballu 1903; 1905, 156; Germain 1969, fig. 6"},"geometry":{"type":"LineString","coordinates":[[6.4677089,35.4833685],[6.4677095,35.4833314]]}},{"type":"Feature","id":172,"properties":{"insula_id":"TIMG.E-SW.I1","wall_type":"internal","plan_source":"Ballu 1903; 1905, 156; Germain 1969, fig. 6"},"geometry":{"type":"LineString","coordinates":[[6.4676759,35.4833198],[6.4677224,35.4833224],[6.467763,35.4833246],[6.4677753,35.4833252]]}},{"type":"Feature","id":173,"properties":{"insula_id":"TIMG.E-SW.I1","wall_type":"internal","plan_source":"Ballu 1903; 1905, 156; Germain 1969, fig. 6"},"geometry":{"type":"LineString","coordinates":[[6.4677854,35.4833258],[6.4678088,35.4833273],[6.4678449,35.4833296],[6.4678509,35.48333]]}},{"type":"Feature","id":174,"properties":{"insula_id":"TIMG.E-SW.I1","wall_type":"internal","plan_source":"Ballu 1903; 1905, 156; Germain 1969, fig. 6"},"geometry":{"type":"LineString","coordinates":[[6.4678449,35.4833296],[6.4678489,35.4832939],[6.4678521,35.4832661]]}},{"type":"Feature","id":175,"properties":{"insula_id":"TIMG.E-SW.I1","wall_type":"internal","plan_source":"Ballu 1903; 1905, 156; Germain 1969, fig. 6"},"geometry":{"type":"LineString","coordinates":[[6.467853,35.4832577],[6.4678544,35.4832497]]}},{"type":"Feature","id":176,"properties":{"insula_id":"TIMG.E-SW.I1","wall_type":"internal","plan_source":"Ballu 1903; 1905, 156; Germain 1969, fig. 6"},"geometry":{"type":"LineString","coordinates":[[6.4678489,35.4832939],[6.4678167,35.4832912],[6.4678124,35.4832908],[6.4677268,35.4832836],[6.4677168,35.4832828]]}},{"type":"Feature","id":177,"properties":{"insula_id":"TIMG.E-SW.I1","wall_type":"internal","plan_source":"Ballu 1903; 1905, 156; Germain 1969, fig. 6"},"geometry":{"type":"LineString","coordinates":[[6.4677085,35.4832816],[6.4676964,35.4832806]]}},{"type":"Feature","id":178,"properties":{"insula_id":"TIMG.E-SW.I1","wall_type":"internal","plan_source":"Ballu 1903; 1905, 156; Germain 1969, fig. 6"},"geometry":{"type":"LineString","coordinates":[[6.4676654,35.4832757],[6.4676656,35.4832614]]}},{"type":"Feature","id":179,"properties":{"insula_id":"TIMG.E-SW.I1","wall_type":"internal","plan_source":"Ballu 1903; 1905, 156; Germain 1969, fig. 6"},"geometry":{"type":"LineString","coordinates":[[6.467763,35.4833246],[6.4677659,35.4832434]]}},{"type":"Feature","id":180,"properties":{"insula_id":"TIMG.E-SW.I1","wall_type":"internal","plan_source":"Ballu 1903; 1905, 156; Germain 1969, fig. 6"},"geometry":{"type":"LineString","coordinates":[[6.4678088,35.4833273],[6.4678102,35.4833168]]}},{"type":"Feature","id":181,"properties":{"insula_id":"TIMG.E-SW.I1","wall_type":"internal","plan_source":"Ballu 1903; 1905, 156; Germain 1969, fig. 6"},"geometry":{"type":"LineString","coordinates":[[6.4678112,35.4833066],[6.4678124,35.4832908]]}},{"type":"Feature","id":182,"properties":{"insula_id":"TIMG.E-SW.I1","wall_type":"internal","plan_source":"Ballu 1903; 1905, 156; Germain 1969, fig. 6"},"geometry":{"type":"LineString","coordinates":[[6.4678167,35.4832912],[6.4678185,35.4832657]]}},{"type":"Feature","id":183,"properties":{"insula_id":"TIMG.E-SW.I1","wall_type":"internal","plan_source":"Ballu 1903; 1905, 156; Germain 1969, fig. 6"},"geometry":{"type":"LineString","coordinates":[[6.4678198,35.4832558],[6.4678211,35.4832474]]}},{"type":"Feature","id":184,"properties":{"insula_id":"TIMG.E-SW.I1","wall_type":"internal","plan_source":"Ballu 1903; 1905, 156; Germain 1969, fig. 6"},"geometry":{"type":"LineString","coordinates":[[6.4677255,35.4832947],[6.4677268,35.4832836]]}},{"type":"Feature","id":185,"properties":{"insula_id":"TIMG.E-SW.I1","wall_type":"internal","plan_source":"Ballu 1903; 1905, 156; Germain 1969, fig. 6"},"geometry":{"type":"LineString","coordinates":[[6.4677297,35.4832521],[6.467731,35.4832408]]}},{"type":"Feature","id":186,"properties":{"insula_id":"TIMG.E-SW.I1","wall_type":"internal","plan_source":"Ballu 1903; 1905, 156; Germain 1969, fig. 6"},"geometry":{"type":"LineString","coordinates":[[6.4677268,35.4832836],[6.4677286,35.4832618]]}},{"type":"Feature","id":187,"properties":{"insula_id":"TIMG.E-SW.I1","wall_type":"internal","plan_source":"Ballu 1903; 1905, 156; Germain 1969, fig. 6"},"geometry":{"type":"LineString","coordinates":[[6.4677224,35.4833224],[6.4677237,35.4833067]]}},{"type":"Feature","id":188,"properties":{"insula_id":"TIMG.E-SW.I1","wall_type":"internal","plan_source":"Ballu 1903; 1905, 156; Germain 1969, fig. 6"},"geometry":{"type":"LineString","coordinates":[[6.4676804,35.4833002],[6.4676815,35.4832807]]}},{"type":"Feature","id":189,"properties":{"insula_id":"TIMG.E-SW.I1","wall_type":"internal","plan_source":"Ballu 1903; 1905, 156; Germain 1969, fig. 6"},"geometry":{"type":"LineString","coordinates":[[6.4676081,35.4832853],[6.4676086,35.4832446]]}},{"type":"Feature","id":190,"properties":{"insula_id":"TIMG.E-SW.I1","wall_type":"internal","plan_source":"Ballu 1903; 1905, 156; Germain 1969, fig. 6"},"geometry":{"type":"LineString","coordinates":[[6.4675401,35.4832797],[6.4675403,35.483267],[6.4675408,35.4832275]]}},{"type":"Feature","id":191,"properties":{"insula_id":"TIMG.E-SW.I1","wall_type":"internal","plan_source":"Ballu 1903; 1905, 156; Germain 1969, fig. 6"},"geometry":{"type":"LineString","coordinates":[[6.4675004,35.4832372],[6.4675,35.4832249]]}},{"type":"Feature","id":192,"properties":{"insula_id":"TIMG.E-SW.I1","wall_type":"internal","plan_source":"Ballu 1903; 1905, 156; Germain 1969, fig. 6"},"geometry":{"type":"LineString","coordinates":[[6.4674416,35.4833154],[6.4674446,35.4832737],[6.4674482,35.4832225]]}},{"type":"Feature","id":193,"properties":{"insula_id":"TIMG.E-SW.I1","wall_type":"internal","plan_source":"Ballu 1903; 1905, 156; Germain 1969, fig. 6"},"geometry":{"type":"LineString","coordinates":[[6.4674976,35.4832659],[6.4675403,35.483267]]}},{"type":"Feature","id":194,"properties":{"insula_id":"TIMG.E-SW.I1","wall_type":"internal","plan_source":"Ballu 1903; 1905, 156; Germain 1969, fig. 6"},"geometry":{"type":"LineString","coordinates":[[6.467491,35.4833184],[6.4675077,35.4833195]]}},{"type":"Feature","id":195,"properties":{"insula_id":"TIMG.E-SW.I1","wall_type":"internal","plan_source":"Ballu 1903; 1905, 156; Germain 1969, fig. 6"},"geometry":{"type":"LineString","coordinates":[[6.4675166,35.4833202],[6.4675986,35.4833265]]}},{"type":"Feature","id":196,"properties":{"insula_id":"TIMG.E-SW.I1","wall_type":"internal","plan_source":"Ballu 1903; 1905, 156; Germain 1969, fig. 6"},"geometry":{"type":"LineString","coordinates":[[6.4676159,35.4833284],[6.4676501,35.4833305]]}},{"type":"Feature","id":197,"properties":{"insula_id":"TIMG.E-SW.I1","wall_type":"internal","plan_source":"Ballu 1903; 1905, 156; Germain 1969, fig. 6"},"geometry":{"type":"LineString","coordinates":[[6.4674483,35.4833886],[6.4674722,35.4833897]]}},{"type":"Feature","id":198,"properties":{"insula_id":"TIMG.E-SW.I1","wall_type":"internal","plan_source":"Ballu 1903; 1905, 156; Germain 1969, fig. 6"},"geometry":{"type":"LineString","coordinates":[[6.467455,35.4833642],[6.4675224,35.4833671]]}},{"type":"Feature","id":199,"properties":{"insula_id":"TIMG.E-SW.I1","wall_type":"internal","plan_source":"Ballu 1903; 1905, 156; Germain 1969, fig. 6"},"geometry":{"type":"LineString","coordinates":[[6.4675392,35.483479],[6.4676183,35.4834793]]}},{"type":"Feature","id":200,"properties":{"insula_id":"TIMG.E-SW.I1","wall_type":"internal","plan_source":"Ballu 1903; 1905, 156; Germain 1969, fig. 6"},"geometry":{"type":"LineString","coordinates":[[6.4675392,35.483479],[6.4675321,35.4834786],[6.467532,35.4835032]]}},{"type":"Feature","id":201,"properties":{"insula_id":"TIMG.E-SW.I1","wall_type":"internal","plan_source":"Ballu 1903; 1905, 156; Germain 1969, fig. 6"},"geometry":{"type":"LineString","coordinates":[[6.4675275,35.4835134],[6.4675218,35.4835511]]}},{"type":"Feature","id":202,"properties":{"insula_id":"TIMG.E-SW.I1","wall_type":"internal","plan_source":"Ballu 1903; 1905, 156; Germain 1969, fig. 6"},"geometry":{"type":"LineString","coordinates":[[6.4677089,35.4834865],[6.4677304,35.4834882]]}},{"type":"Feature","id":203,"properties":{"insula_id":"TIMG.E-SW.I1","wall_type":"internal","plan_source":"Ballu 1903; 1905, 156; Germain 1969, fig. 6"},"geometry":{"type":"LineString","coordinates":[[6.4677281,35.4834541],[6.4677131,35.4834528]]}},{"type":"Feature","id":204,"properties":{"insula_id":"TIMG.E-SW.I1","wall_type":"internal??","plan_source":"Ballu 1903; 1905, 156; Germain 1969, fig. 6"},"geometry":{"type":"LineString","coordinates":[[6.4675218,35.4835511],[6.4675428,35.4835536]]}},{"type":"Feature","id":205,"properties":{"insula_id":"TIMG.E-SW.I1","wall_type":"internal","plan_source":"Ballu 1903; 1905, 156; Germain 1969, fig. 6"},"geometry":{"type":"LineString","coordinates":[[6.4677988,35.4834942],[6.4678629,35.4834987],[6.4678879,35.4835005]]}},{"type":"Feature","id":206,"properties":{"insula_id":"TIMG.E-SW.I1","wall_type":"internal","plan_source":"Ballu 1903; 1905, 156; Germain 1969, fig. 6"},"geometry":{"type":"LineString","coordinates":[[6.4677995,35.4835114],[6.4677988,35.4834942]]}},{"type":"Feature","id":207,"properties":{"insula_id":"TIMG.E-SW.I1","wall_type":"internal","plan_source":"Ballu 1903; 1905, 156; Germain 1969, fig. 6"},"geometry":{"type":"LineString","coordinates":[[6.4677975,35.4835265],[6.4677969,35.483535],[6.4677961,35.4835488]]}},{"type":"Feature","id":208,"properties":{"insula_id":"TIMG.E-SW.I1","wall_type":"internal","plan_source":"Ballu 1903; 1905, 156; Germain 1969, fig. 6"},"geometry":{"type":"LineString","coordinates":[[6.4678577,35.4835592],[6.4678595,35.4835383],[6.4678601,35.4835317]]}},{"type":"Feature","id":209,"properties":{"insula_id":"TIMG.E-SW.I1","wall_type":"internal","plan_source":"Ballu 1903; 1905, 156; Germain 1969, fig. 6"},"geometry":{"type":"LineString","coordinates":[[6.4678612,35.4835138],[6.4678629,35.4834987]]}},{"type":"Feature","id":210,"properties":{"insula_id":"TIMG.E-SW.I1","wall_type":"internal","plan_source":"Ballu 1903; 1905, 156; Germain 1969, fig. 6"},"geometry":{"type":"LineString","coordinates":[[6.4677969,35.483535],[6.4678595,35.4835383]]}},{"type":"Feature","id":211,"properties":{"insula_id":"TIMG.SW.I5","wall_type":"external","description":"I67-75 (formed by merging two adjacent insulae)","period":"Early Foundation (1st-2nd c.), modifications dated to 3rd c. (Germain 1969: 44) contemporary with Sertius house","plan_source":"BCB fig. 166 (partial--north ruined; south better preserved); Ballu 1903 pp. 168-169; Rebuffat 1969: 676; Germain 1969: 50"},"geometry":{"type":"LineString","coordinates":[[6.4675792,35.48457],[6.4675058,35.4845646],[6.4674318,35.4845593],[6.4673937,35.4845565],[6.4673568,35.4845538],[6.467348,35.4846404],[6.4673455,35.4846644],[6.4673425,35.4846946],[6.4673392,35.4847272]]}},{"type":"Feature","id":212,"properties":{"insula_id":"TIMG.SW.I5","wall_type":"external","description":"I67-75 (formed by merging two adjacent insulae)","period":"Early Foundation (1st-2nd c.), modifications dated to 3rd c. (Germain 1969: 44) contemporary with Sertius house","plan_source":"BCB fig. 166 (partial--north ruined; south better preserved); Ballu 1903 pp. 168-169; Rebuffat 1969: 676; Germain 1969: 50"},"geometry":{"type":"LineString","coordinates":[[6.4675792,35.48457],[6.4675759,35.4846082],[6.4675734,35.4846365],[6.4675722,35.4846504]]}},{"type":"Feature","id":213,"properties":{"insula_id":"TIMG.SW.I5","wall_type":"external","description":"I67-75 (formed by merging two adjacent insulae)","period":"Early Foundation (1st-2nd c.), modifications dated to 3rd c. (Germain 1969: 44) contemporary with Sertius house","plan_source":"BCB fig. 166 (partial--north ruined; south better preserved); Ballu 1903 pp. 168-169; Rebuffat 1969: 676; Germain 1969: 50"},"geometry":{"type":"LineString","coordinates":[[6.4675693,35.4846606],[6.4675683,35.4846726],[6.4675649,35.4847097],[6.4675642,35.484718]]}},{"type":"Feature","id":214,"properties":{"insula_id":"TIMG.SW.I5","wall_type":"external","description":"I67-75 (formed by merging two adjacent insulae)","period":"Early Foundation (1st-2nd c.), modifications dated to 3rd c. (Germain 1969: 44) contemporary with Sertius house","plan_source":"BCB fig. 166 (partial--north ruined; south better preserved); Ballu 1903 pp. 168-169; Rebuffat 1969: 676; Germain 1969: 50"},"geometry":{"type":"LineString","coordinates":[[6.4675628,35.4847295],[6.4675605,35.4847525],[6.4675598,35.4847608]]}},{"type":"Feature","id":215,"properties":{"insula_id":"TIMG.SW.I5","wall_type":"external","description":"I67-75 (formed by merging two adjacent insulae)","period":"Early Foundation (1st-2nd c.), modifications dated to 3rd c. (Germain 1969: 44) contemporary with Sertius house","plan_source":"BCB fig. 166 (partial--north ruined; south better preserved); Ballu 1903 pp. 168-169; Rebuffat 1969: 676; Germain 1969: 50"},"geometry":{"type":"LineString","coordinates":[[6.4675563,35.4847905],[6.4675583,35.4847697]]}},{"type":"Feature","id":216,"properties":{"insula_id":"TIMG.SW.I5","wall_type":"external","description":"I67-75 (formed by merging two adjacent insulae)","period":"Early Foundation (1st-2nd c.), modifications dated to 3rd c. (Germain 1969: 44) contemporary with Sertius house","plan_source":"BCB fig. 166 (partial--north ruined; south better preserved); Ballu 1903 pp. 168-169; Rebuffat 1969: 676; Germain 1969: 50"},"geometry":{"type":"LineString","coordinates":[[6.4675555,35.484798],[6.467555,35.4848028]]}},{"type":"Feature","id":217,"properties":{"insula_id":"TIMG.SW.I5","wall_type":"external","description":"I67-75 (formed by merging two adjacent insulae)","period":"Early Foundation (1st-2nd c.), modifications dated to 3rd c. (Germain 1969: 44) contemporary with Sertius house","plan_source":"BCB fig. 166 (partial--north ruined; south better preserved); Ballu 1903 pp. 168-169; Rebuffat 1969: 676; Germain 1969: 50"},"geometry":{"type":"LineString","coordinates":[[6.4675542,35.4848079],[6.4675502,35.4848468],[6.4675483,35.4848651]]}},{"type":"Feature","id":218,"properties":{"insula_id":"TIMG.SW.I5","wall_type":"external","description":"I67-75 (formed by merging two adjacent insulae)","period":"Early Foundation (1st-2nd c.), modifications dated to 3rd c. (Germain 1969: 44) contemporary with Sertius house","plan_source":"BCB fig. 166 (partial--north ruined; south better preserved); Ballu 1903 pp. 168-169; Rebuffat 1969: 676; Germain 1969: 50"},"geometry":{"type":"LineString","coordinates":[[6.4675453,35.4848884],[6.4675368,35.484994]]}},{"type":"Feature","id":219,"properties":{"insula_id":"TIMG.SW.I5","wall_type":"external","description":"I67-75 (formed by merging two adjacent insulae)","period":"Early Foundation (1st-2nd c.), modifications dated to 3rd c. (Germain 1969: 44) contemporary with Sertius house","plan_source":"BCB fig. 166 (partial--north ruined; south better preserved); Ballu 1903 pp. 168-169; Rebuffat 1969: 676; Germain 1969: 50"},"geometry":{"type":"LineString","coordinates":[[6.4675368,35.484994],[6.4675138,35.4849929]]}},{"type":"Feature","id":220,"properties":{"insula_id":"TIMG.SW.I5","wall_type":"external","description":"I67-75 (formed by merging two adjacent insulae)","period":"Early Foundation (1st-2nd c.), modifications dated to 3rd c. (Germain 1969: 44) contemporary with Sertius house","plan_source":"BCB fig. 166 (partial--north ruined; south better preserved); Ballu 1903 pp. 168-169; Rebuffat 1969: 676; Germain 1969: 50"},"geometry":{"type":"LineString","coordinates":[[6.4674938,35.4849908],[6.4674574,35.4849883]]}},{"type":"Feature","id":221,"properties":{"insula_id":"TIMG.SW.I5","wall_type":"external","description":"I67-75 (formed by merging two adjacent insulae)","period":"Early Foundation (1st-2nd c.), modifications dated to 3rd c. (Germain 1969: 44) contemporary with Sertius house","plan_source":"BCB fig. 166 (partial--north ruined; south better preserved); Ballu 1903 pp. 168-169; Rebuffat 1969: 676; Germain 1969: 50"},"geometry":{"type":"LineString","coordinates":[[6.4673365,35.4849799],[6.4674432,35.4849866]]}},{"type":"Feature","id":222,"properties":{"insula_id":"TIMG.SW.I5","wall_type":"external","description":"I67-75 (formed by merging two adjacent insulae)","period":"Early Foundation (1st-2nd c.), modifications dated to 3rd c. (Germain 1969: 44) contemporary with Sertius house","plan_source":"BCB fig. 166 (partial--north ruined; south better preserved); Ballu 1903 pp. 168-169; Rebuffat 1969: 676; Germain 1969: 50"},"geometry":{"type":"LineString","coordinates":[[6.4673259,35.4849784],[6.4673136,35.4849779],[6.4673222,35.4848657]]}},{"type":"Feature","id":223,"properties":{"insula_id":"TIMG.SW.I5","wall_type":"external","description":"I67-75 (formed by merging two adjacent insulae)","period":"Early Foundation (1st-2nd c.), modifications dated to 3rd c. (Germain 1969: 44) contemporary with Sertius house","plan_source":"BCB fig. 166 (partial--north ruined; south better preserved); Ballu 1903 pp. 168-169; Rebuffat 1969: 676; Germain 1969: 50"},"geometry":{"type":"LineString","coordinates":[[6.4673237,35.4848593],[6.4673247,35.4848489]]}},{"type":"Feature","id":224,"properties":{"insula_id":"TIMG.SW.I5","wall_type":"external","description":"I67-75 (formed by merging two adjacent insulae)","period":"Early Foundation (1st-2nd c.), modifications dated to 3rd c. (Germain 1969: 44) contemporary with Sertius house","plan_source":"BCB fig. 166 (partial--north ruined; south better preserved); Ballu 1903 pp. 168-169; Rebuffat 1969: 676; Germain 1969: 50"},"geometry":{"type":"LineString","coordinates":[[6.4673265,35.4848396],[6.4673311,35.4847959],[6.4673337,35.4847704],[6.4673368,35.4847411]]}},{"type":"Feature","id":225,"properties":{"insula_id":"TIMG.SW.I5","wall_type":"internal","description":"I67-75 (formed by merging two adjacent insulae)","period":"Early Foundation (1st-2nd c.), modifications dated to 3rd c. (Germain 1969: 44) contemporary with Sertius house","plan_source":"BCB fig. 166 (partial--north ruined; south better preserved); Ballu 1903 pp. 168-169; Rebuffat 1969: 676; Germain 1969: 50"},"geometry":{"type":"LineString","coordinates":[[6.4673222,35.4848657],[6.4673645,35.4848678]]}},{"type":"Feature","id":226,"properties":{"insula_id":"TIMG.SW.I5","wall_type":"internal","description":"I67-75 (formed by merging two adjacent insulae)","period":"Early Foundation (1st-2nd c.), modifications dated to 3rd c. (Germain 1969: 44) contemporary with Sertius house","plan_source":"BCB fig. 166 (partial--north ruined; south better preserved); Ballu 1903 pp. 168-169; Rebuffat 1969: 676; Germain 1969: 50"},"geometry":{"type":"LineString","coordinates":[[6.4673793,35.4848681],[6.4673986,35.4848689],[6.4674088,35.4848693]]}},{"type":"Feature","id":227,"properties":{"insula_id":"TIMG.SW.I5","wall_type":"internal","description":"I67-75 (formed by merging two adjacent insulae)","period":"Early Foundation (1st-2nd c.), modifications dated to 3rd c. (Germain 1969: 44) contemporary with Sertius house","plan_source":"BCB fig. 166 (partial--north ruined; south better preserved); Ballu 1903 pp. 168-169; Rebuffat 1969: 676; Germain 1969: 50"},"geometry":{"type":"LineString","coordinates":[[6.4674234,35.4848706],[6.4674361,35.4848712],[6.4674331,35.4849136],[6.4674379,35.4848413],[6.467439,35.4848258]]}},{"type":"Feature","id":228,"properties":{"insula_id":"TIMG.SW.I5","wall_type":"internal","description":"I67-75 (formed by merging two adjacent insulae)","period":"Early Foundation (1st-2nd c.), modifications dated to 3rd c. (Germain 1969: 44) contemporary with Sertius house","plan_source":"BCB fig. 166 (partial--north ruined; south better preserved); Ballu 1903 pp. 168-169; Rebuffat 1969: 676; Germain 1969: 50"},"geometry":{"type":"LineString","coordinates":[[6.4674379,35.4848413],[6.4674757,35.4848432],[6.467505,35.4848446],[6.4675502,35.4848468]]}},{"type":"Feature","id":229,"properties":{"insula_id":"TIMG.SW.I5","wall_type":"internal","description":"I67-75 (formed by merging two adjacent insulae)","period":"Early Foundation (1st-2nd c.), modifications dated to 3rd c. (Germain 1969: 44) contemporary with Sertius house","plan_source":"BCB fig. 166 (partial--north ruined; south better preserved); Ballu 1903 pp. 168-169; Rebuffat 1969: 676; Germain 1969: 50"},"geometry":{"type":"LineString","coordinates":[[6.4673986,35.4848689],[6.4674038,35.4847996],[6.4674053,35.48478]]}},{"type":"Feature","id":230,"properties":{"insula_id":"TIMG.SW.I5","wall_type":"internal","description":"I67-75 (formed by merging two adjacent insulae)","period":"Early Foundation (1st-2nd c.), modifications dated to 3rd c. (Germain 1969: 44) contemporary with Sertius house","plan_source":"BCB fig. 166 (partial--north ruined; south better preserved); Ballu 1903 pp. 168-169; Rebuffat 1969: 676; Germain 1969: 50"},"geometry":{"type":"LineString","coordinates":[[6.4673311,35.4847959],[6.4673907,35.484799]]}},{"type":"Feature","id":231,"properties":{"insula_id":"TIMG.SW.I5","wall_type":"internal","description":"I67-75 (formed by merging two adjacent insulae)","period":"Early Foundation (1st-2nd c.), modifications dated to 3rd c. (Germain 1969: 44) contemporary with Sertius house","plan_source":"BCB fig. 166 (partial--north ruined; south better preserved); Ballu 1903 pp. 168-169; Rebuffat 1969: 676; Germain 1969: 50"},"geometry":{"type":"LineString","coordinates":[[6.4673337,35.4847704],[6.4673835,35.4847718]]}},{"type":"Feature","id":232,"properties":{"insula_id":"TIMG.SW.I5","wall_type":"internal","description":"I67-75 (formed by merging two adjacent insulae)","period":"Early Foundation (1st-2nd c.), modifications dated to 3rd c. (Germain 1969: 44) contemporary with Sertius house","plan_source":"BCB fig. 166 (partial--north ruined; south better preserved); Ballu 1903 pp. 168-169; Rebuffat 1969: 676; Germain 1969: 50"},"geometry":{"type":"LineString","coordinates":[[6.4674038,35.4847996],[6.4674148,35.4848]]}},{"type":"Feature","id":233,"properties":{"insula_id":"TIMG.SW.I5","wall_type":"internal","description":"I67-75 (formed by merging two adjacent insulae)","period":"Early Foundation (1st-2nd c.), modifications dated to 3rd c. (Germain 1969: 44) contemporary with Sertius house","plan_source":"BCB fig. 166 (partial--north ruined; south better preserved); Ballu 1903 pp. 168-169; Rebuffat 1969: 676; Germain 1969: 50"},"geometry":{"type":"LineString","coordinates":[[6.467429,35.4848009],[6.4674415,35.4848014],[6.4674783,35.4848031],[6.4674807,35.4848032],[6.4675084,35.4848044],[6.467528,35.4848053]]}},{"type":"Feature","id":234,"properties":{"insula_id":"TIMG.SW.I5","wall_type":"internal","description":"I67-75 (formed by merging two adjacent insulae)","period":"Early Foundation (1st-2nd c.), modifications dated to 3rd c. (Germain 1969: 44) contemporary with Sertius house","plan_source":"BCB fig. 166 (partial--north ruined; south better preserved); Ballu 1903 pp. 168-169; Rebuffat 1969: 676; Germain 1969: 50"},"geometry":{"type":"LineString","coordinates":[[6.4674406,35.4848097],[6.4674415,35.4848014]]}},{"type":"Feature","id":235,"properties":{"insula_id":"TIMG.SW.I5","wall_type":"internal","description":"I67-75 (formed by merging two adjacent insulae)","period":"Early Foundation (1st-2nd c.), modifications dated to 3rd c. (Germain 1969: 44) contemporary with Sertius house","plan_source":"BCB fig. 166 (partial--north ruined; south better preserved); Ballu 1903 pp. 168-169; Rebuffat 1969: 676; Germain 1969: 50"},"geometry":{"type":"LineString","coordinates":[[6.4674757,35.4848432],[6.4674783,35.4848031]]}},{"type":"Feature","id":236,"properties":{"insula_id":"TIMG.SW.I5","wall_type":"internal","description":"I67-75 (formed by merging two adjacent insulae)","period":"Early Foundation (1st-2nd c.), modifications dated to 3rd c. (Germain 1969: 44) contemporary with Sertius house","plan_source":"BCB fig. 166 (partial--north ruined; south better preserved); Ballu 1903 pp. 168-169; Rebuffat 1969: 676; Germain 1969: 50"},"geometry":{"type":"LineString","coordinates":[[6.467505,35.4848446],[6.4675062,35.4848269]]}},{"type":"Feature","id":237,"properties":{"insula_id":"TIMG.SW.I5","wall_type":"internal","description":"I67-75 (formed by merging two adjacent insulae)","period":"Early Foundation (1st-2nd c.), modifications dated to 3rd c. (Germain 1969: 44) contemporary with Sertius house","plan_source":"BCB fig. 166 (partial--north ruined; south better preserved); Ballu 1903 pp. 168-169; Rebuffat 1969: 676; Germain 1969: 50"},"geometry":{"type":"LineString","coordinates":[[6.4675073,35.484817],[6.4675084,35.4848044]]}},{"type":"Feature","id":238,"properties":{"insula_id":"TIMG.SW.I5","wall_type":"internal","description":"I67-75 (formed by merging two adjacent insulae)","period":"Early Foundation (1st-2nd c.), modifications dated to 3rd c. (Germain 1969: 44) contemporary with Sertius house","plan_source":"BCB fig. 166 (partial--north ruined; south better preserved); Ballu 1903 pp. 168-169; Rebuffat 1969: 676; Germain 1969: 50"},"geometry":{"type":"LineString","coordinates":[[6.4675542,35.4848079],[6.4675482,35.4848073]]}},{"type":"Feature","id":239,"properties":{"insula_id":"TIMG.SW.I5","wall_type":"internal","description":"I67-75 (formed by merging two adjacent insulae)","period":"Early Foundation (1st-2nd c.), modifications dated to 3rd c. (Germain 1969: 44) contemporary with Sertius house","plan_source":"BCB fig. 166 (partial--north ruined; south better preserved); Ballu 1903 pp. 168-169; Rebuffat 1969: 676; Germain 1969: 50"},"geometry":{"type":"LineString","coordinates":[[6.4673904,35.484582],[6.4673937,35.4845565]]}},{"type":"Feature","id":240,"properties":{"insula_id":"TIMG.SW.I5","wall_type":"internal","description":"I67-75 (formed by merging two adjacent insulae)","period":"Early Foundation (1st-2nd c.), modifications dated to 3rd c. (Germain 1969: 44) contemporary with Sertius house","plan_source":"BCB fig. 166 (partial--north ruined; south better preserved); Ballu 1903 pp. 168-169; Rebuffat 1969: 676; Germain 1969: 50"},"geometry":{"type":"LineString","coordinates":[[6.4674302,35.4845789],[6.4674318,35.4845593]]}},{"type":"Feature","id":241,"properties":{"insula_id":"TIMG.SW.I5","wall_type":"internal","description":"I67-75 (formed by merging two adjacent insulae)","period":"Early Foundation (1st-2nd c.), modifications dated to 3rd c. (Germain 1969: 44) contemporary with Sertius house","plan_source":"BCB fig. 166 (partial--north ruined; south better preserved); Ballu 1903 pp. 168-169; Rebuffat 1969: 676; Germain 1969: 50"},"geometry":{"type":"LineString","coordinates":[[6.4675033,35.4845844],[6.4675058,35.4845646]]}},{"type":"Feature","id":242,"properties":{"insula_id":"TIMG.SW.I5","wall_type":"internal","description":"I67-75 (formed by merging two adjacent insulae)","period":"Early Foundation (1st-2nd c.), modifications dated to 3rd c. (Germain 1969: 44) contemporary with Sertius house","plan_source":"BCB fig. 166 (partial--north ruined; south better preserved); Ballu 1903 pp. 168-169; Rebuffat 1969: 676; Germain 1969: 50"},"geometry":{"type":"LineString","coordinates":[[6.4674995,35.4846141],[6.4675008,35.4846025],[6.4675018,35.4845928]]}},{"type":"Feature","id":243,"properties":{"insula_id":"TIMG.SW.I5","wall_type":"internal","description":"I67-75 (formed by merging two adjacent insulae)","period":"Early Foundation (1st-2nd c.), modifications dated to 3rd c. (Germain 1969: 44) contemporary with Sertius house","plan_source":"BCB fig. 166 (partial--north ruined; south better preserved); Ballu 1903 pp. 168-169; Rebuffat 1969: 676; Germain 1969: 50"},"geometry":{"type":"LineString","coordinates":[[6.4675008,35.4846025],[6.4675083,35.4846029]]}},{"type":"Feature","id":244,"properties":{"insula_id":"TIMG.SW.I5","wall_type":"internal","description":"I67-75 (formed by merging two adjacent insulae)","period":"Early Foundation (1st-2nd c.), modifications dated to 3rd c. (Germain 1969: 44) contemporary with Sertius house","plan_source":"BCB fig. 166 (partial--north ruined; south better preserved); Ballu 1903 pp. 168-169; Rebuffat 1969: 676; Germain 1969: 50"},"geometry":{"type":"LineString","coordinates":[[6.4675195,35.4846037],[6.4675759,35.4846082]]}},{"type":"Feature","id":245,"properties":{"insula_id":"TIMG.SW.I5","wall_type":"internal","description":"I67-75 (formed by merging two adjacent insulae)","period":"Early Foundation (1st-2nd c.), modifications dated to 3rd c. (Germain 1969: 44) contemporary with Sertius house","plan_source":"BCB fig. 166 (partial--north ruined; south better preserved); Ballu 1903 pp. 168-169; Rebuffat 1969: 676; Germain 1969: 50"},"geometry":{"type":"LineString","coordinates":[[6.467348,35.4846404],[6.4673963,35.4846433],[6.4673954,35.4846536]]}},{"type":"Feature","id":246,"properties":{"insula_id":"TIMG.SW.I5","wall_type":"internal","description":"I67-75 (formed by merging two adjacent insulae)","period":"Early Foundation (1st-2nd c.), modifications dated to 3rd c. (Germain 1969: 44) contemporary with Sertius house","plan_source":"BCB fig. 166 (partial--north ruined; south better preserved); Ballu 1903 pp. 168-169; Rebuffat 1969: 676; Germain 1969: 50"},"geometry":{"type":"LineString","coordinates":[[6.4673455,35.4846644],[6.4673941,35.4846669]]}},{"type":"Feature","id":247,"properties":{"insula_id":"TIMG.SW.I5","wall_type":"internal","description":"I67-75 (formed by merging two adjacent insulae)","period":"Early Foundation (1st-2nd c.), modifications dated to 3rd c. (Germain 1969: 44) contemporary with Sertius house","plan_source":"BCB fig. 166 (partial--north ruined; south better preserved); Ballu 1903 pp. 168-169; Rebuffat 1969: 676; Germain 1969: 50"},"geometry":{"type":"LineString","coordinates":[[6.4673425,35.4846946],[6.4673926,35.4846973],[6.4673932,35.4846886]]}},{"type":"Feature","id":248,"properties":{"insula_id":"TIMG.SW.I5","wall_type":"internal","description":"I67-75 (formed by merging two adjacent insulae)","period":"Early Foundation (1st-2nd c.), modifications dated to 3rd c. (Germain 1969: 44) contemporary with Sertius house","plan_source":"BCB fig. 166 (partial--north ruined; south better preserved); Ballu 1903 pp. 168-169; Rebuffat 1969: 676; Germain 1969: 50"},"geometry":{"type":"LineString","coordinates":[[6.4674139,35.4847275],[6.4674213,35.4846513]]}},{"type":"Feature","id":249,"properties":{"insula_id":"TIMG.SW.I5","wall_type":"internal","description":"I67-75 (formed by merging two adjacent insulae)","period":"Early Foundation (1st-2nd c.), modifications dated to 3rd c. (Germain 1969: 44) contemporary with Sertius house","plan_source":"BCB fig. 166 (partial--north ruined; south better preserved); Ballu 1903 pp. 168-169; Rebuffat 1969: 676; Germain 1969: 50"},"geometry":{"type":"LineString","coordinates":[[6.4674213,35.4846513],[6.4674995,35.4846563]]}},{"type":"Feature","id":250,"properties":{"insula_id":"TIMG.SW.I5","wall_type":"internal","description":"I67-75 (formed by merging two adjacent insulae)","period":"Early Foundation (1st-2nd c.), modifications dated to 3rd c. (Germain 1969: 44) contemporary with Sertius house","plan_source":"BCB fig. 166 (partial--north ruined; south better preserved); Ballu 1903 pp. 168-169; Rebuffat 1969: 676; Germain 1969: 50"},"geometry":{"type":"LineString","coordinates":[[6.4673895,35.4845938],[6.4674296,35.4845968],[6.4674301,35.4845873],[6.4674266,35.4846234],[6.4674228,35.4846232],[6.4674321,35.4846233]]}},{"type":"Feature","id":251,"properties":{"insula_id":"TIMG.SW.I5","wall_type":"internal","description":"I67-75 (formed by merging two adjacent insulae)","period":"Early Foundation (1st-2nd c.), modifications dated to 3rd c. (Germain 1969: 44) contemporary with Sertius house","plan_source":"BCB fig. 166 (partial--north ruined; south better preserved); Ballu 1903 pp. 168-169; Rebuffat 1969: 676; Germain 1969: 50"},"geometry":{"type":"LineString","coordinates":[[6.4674048,35.4846245],[6.4673857,35.4846235],[6.4673895,35.4845938]]}},{"type":"Feature","id":252,"properties":{"insula_id":"TIMG.SW.I5","wall_type":"internal","description":"I67-75 (formed by merging two adjacent insulae)","period":"Early Foundation (1st-2nd c.), modifications dated to 3rd c. (Germain 1969: 44) contemporary with Sertius house","plan_source":"BCB fig. 166 (partial--north ruined; south better preserved); Ballu 1903 pp. 168-169; Rebuffat 1969: 676; Germain 1969: 50"},"geometry":{"type":"LineString","coordinates":[[6.4673368,35.4847411],[6.4674091,35.4847455],[6.4674677,35.4847491]]}},{"type":"Feature","id":253,"properties":{"insula_id":"TIMG.SW.I5","wall_type":"internal","description":"I67-75 (formed by merging two adjacent insulae)","period":"Early Foundation (1st-2nd c.), modifications dated to 3rd c. (Germain 1969: 44) contemporary with Sertius house","plan_source":"BCB fig. 166 (partial--north ruined; south better preserved); Ballu 1903 pp. 168-169; Rebuffat 1969: 676; Germain 1969: 50"},"geometry":{"type":"LineString","coordinates":[[6.4674067,35.4847664],[6.4674091,35.4847455]]}},{"type":"Feature","id":254,"properties":{"insula_id":"TIMG.SW.I5","wall_type":"internal","description":"I67-75 (formed by merging two adjacent insulae)","period":"Early Foundation (1st-2nd c.), modifications dated to 3rd c. (Germain 1969: 44) contemporary with Sertius house","plan_source":"BCB fig. 166 (partial--north ruined; south better preserved); Ballu 1903 pp. 168-169; Rebuffat 1969: 676; Germain 1969: 50"},"geometry":{"type":"LineString","coordinates":[[6.4674807,35.4848032],[6.467486,35.4847478],[6.4674917,35.4846881]]}},{"type":"Feature","id":255,"properties":{"insula_id":"TIMG.SW.I5","wall_type":"internal","description":"I67-75 (formed by merging two adjacent insulae)","period":"Early Foundation (1st-2nd c.), modifications dated to 3rd c. (Germain 1969: 44) contemporary with Sertius house","plan_source":"BCB fig. 166 (partial--north ruined; south better preserved); Ballu 1903 pp. 168-169; Rebuffat 1969: 676; Germain 1969: 50"},"geometry":{"type":"LineString","coordinates":[[6.4674437,35.4846251],[6.4674515,35.4846255]]}},{"type":"Feature","id":256,"properties":{"insula_id":"TIMG.SW.I5","wall_type":"internal","description":"I67-75 (formed by merging two adjacent insulae)","period":"Early Foundation (1st-2nd c.), modifications dated to 3rd c. (Germain 1969: 44) contemporary with Sertius house","plan_source":"BCB fig. 166 (partial--north ruined; south better preserved); Ballu 1903 pp. 168-169; Rebuffat 1969: 676; Germain 1969: 50"},"geometry":{"type":"LineString","coordinates":[[6.467476,35.4846283],[6.4674835,35.4846288]]}},{"type":"Feature","id":257,"properties":{"insula_id":"TIMG.SW.I5","wall_type":"internal","description":"I67-75 (formed by merging two adjacent insulae)","period":"Early Foundation (1st-2nd c.), modifications dated to 3rd c. (Germain 1969: 44) contemporary with Sertius house","plan_source":"BCB fig. 166 (partial--north ruined; south better preserved); Ballu 1903 pp. 168-169; Rebuffat 1969: 676; Germain 1969: 50"},"geometry":{"type":"LineString","coordinates":[[6.4674906,35.4846295],[6.4675088,35.4846306],[6.4674989,35.4846296],[6.4674993,35.4846212]]}},{"type":"Feature","id":258,"properties":{"insula_id":"TIMG.SW.I5","wall_type":"internal","description":"I67-75 (formed by merging two adjacent insulae)","period":"Early Foundation (1st-2nd c.), modifications dated to 3rd c. (Germain 1969: 44) contemporary with Sertius house","plan_source":"BCB fig. 166 (partial--north ruined; south better preserved); Ballu 1903 pp. 168-169; Rebuffat 1969: 676; Germain 1969: 50"},"geometry":{"type":"LineString","coordinates":[[6.4675151,35.484632],[6.4675734,35.4846365]]}},{"type":"Feature","id":259,"properties":{"insula_id":"TIMG.SW.I5","wall_type":"internal","description":"I67-75 (formed by merging two adjacent insulae)","period":"Early Foundation (1st-2nd c.), modifications dated to 3rd c. (Germain 1969: 44) contemporary with Sertius house","plan_source":"BCB fig. 166 (partial--north ruined; south better preserved); Ballu 1903 pp. 168-169; Rebuffat 1969: 676; Germain 1969: 50"},"geometry":{"type":"LineString","coordinates":[[6.4675289,35.4846226],[6.4675258,35.4846523]]}},{"type":"Feature","id":260,"properties":{"insula_id":"TIMG.SW.I5","wall_type":"internal","description":"I67-75 (formed by merging two adjacent insulae)","period":"Early Foundation (1st-2nd c.), modifications dated to 3rd c. (Germain 1969: 44) contemporary with Sertius house","plan_source":"BCB fig. 166 (partial--north ruined; south better preserved); Ballu 1903 pp. 168-169; Rebuffat 1969: 676; Germain 1969: 50"},"geometry":{"type":"LineString","coordinates":[[6.4675649,35.4847097],[6.4675196,35.484706],[6.4675102,35.4847052]]}},{"type":"Feature","id":261,"properties":{"insula_id":"TIMG.SW.I5","wall_type":"internal","description":"I67-75 (formed by merging two adjacent insulae)","period":"Early Foundation (1st-2nd c.), modifications dated to 3rd c. (Germain 1969: 44) contemporary with Sertius house","plan_source":"BCB fig. 166 (partial--north ruined; south better preserved); Ballu 1903 pp. 168-169; Rebuffat 1969: 676; Germain 1969: 50"},"geometry":{"type":"LineString","coordinates":[[6.4675196,35.484706],[6.4675201,35.484696]]}},{"type":"Feature","id":262,"properties":{"insula_id":"TIMG.SW.I5","wall_type":"internal","description":"I67-75 (formed by merging two adjacent insulae)","period":"Early Foundation (1st-2nd c.), modifications dated to 3rd c. (Germain 1969: 44) contemporary with Sertius house","plan_source":"BCB fig. 166 (partial--north ruined; south better preserved); Ballu 1903 pp. 168-169; Rebuffat 1969: 676; Germain 1969: 50"},"geometry":{"type":"LineString","coordinates":[[6.4675683,35.4846726],[6.4675235,35.4846707],[6.467522,35.4846872],[6.4675239,35.4846627]]}},{"type":"Feature","id":263,"properties":{"insula_id":"TIMG.SW.I5","wall_type":"internal","description":"I67-75 (formed by merging two adjacent insulae)","period":"Early Foundation (1st-2nd c.), modifications dated to 3rd c. (Germain 1969: 44) contemporary with Sertius house","plan_source":"BCB fig. 166 (partial--north ruined; south better preserved); Ballu 1903 pp. 168-169; Rebuffat 1969: 676; Germain 1969: 50"},"geometry":{"type":"LineString","coordinates":[[6.4675605,35.4847525],[6.467486,35.4847478]]}},{"type":"Feature","id":264,"properties":{"insula_id":"TIMG.E-SE.I4","wall_type":"external","description":"MN-12/13, single insula (Faubourg zone, theatre area)","period":"","plan_source":"Ballu 1903 pl. XXIII (II: 90-94); BCB fig. 152 (321-326); Germain 1969 fig. 7 (65-69)"},"geometry":{"type":"LineString","coordinates":[[6.4681258,35.4832897],[6.4681276,35.483273],[6.468145,35.4832732]]}},{"type":"Feature","id":265,"properties":{"insula_id":"TIMG.E-SE.I4","wall_type":"external","description":"MN-12/13, single insula (Faubourg zone, theatre area)","period":"","plan_source":"Ballu 1903 pl. XXIII (II: 90-94); BCB fig. 152 (321-326); Germain 1969 fig. 7 (65-69)"},"geometry":{"type":"LineString","coordinates":[[6.4681633,35.483273],[6.4681911,35.4832743],[6.4682062,35.4832749]]}},{"type":"Feature","id":266,"properties":{"insula_id":"TIMG.E-SE.I4","wall_type":"external","description":"MN-12/13, single insula (Faubourg zone, theatre area)","period":"","plan_source":"Ballu 1903 pl. XXIII (II: 90-94); BCB fig. 152 (321-326); Germain 1969 fig. 7 (65-69)"},"geometry":{"type":"LineString","coordinates":[[6.4682139,35.4832751],[6.4682295,35.4832756],[6.4682521,35.4832764]]}},{"type":"Feature","id":267,"properties":{"insula_id":"TIMG.E-SE.I4","wall_type":"external","description":"MN-12/13, single insula (Faubourg zone, theatre area)","period":"","plan_source":"Ballu 1903 pl. XXIII (II: 90-94); BCB fig. 152 (321-326); Germain 1969 fig. 7 (65-69)"},"geometry":{"type":"LineString","coordinates":[[6.4682717,35.4832779],[6.468291,35.4832792],[6.4683325,35.4832819],[6.4683942,35.4832859],[6.4684926,35.4832924],[6.4685572,35.4832966],[6.4686057,35.4832998],[6.4686057,35.4832998],[6.4686678,35.4833039],[6.4687015,35.4833061]]}},{"type":"Feature","id":268,"properties":{"insula_id":"TIMG.E-SE.I4","wall_type":"external","description":"MN-12/13, single insula (Faubourg zone, theatre area)","period":"","plan_source":"Ballu 1903 pl. XXIII (II: 90-94); BCB fig. 152 (321-326); Germain 1969 fig. 7 (65-69)"},"geometry":{"type":"LineString","coordinates":[[6.4688235,35.4833159],[6.468821,35.4833917],[6.4688191,35.4834485],[6.468819,35.4834529]]}},{"type":"Feature","id":270,"properties":{"insula_id":"TIMG.E-SE.I4","wall_type":"external","description":"MN-12/13, single insula (Faubourg zone, theatre area)","period":"","plan_source":"Ballu 1903 pl. XXIII (II: 90-94); BCB fig. 152 (321-326); Germain 1969 fig. 7 (65-69)"},"geometry":{"type":"LineString","coordinates":[[6.4682562,35.4836027],[6.4683405,35.4836114]]}},{"type":"Feature","id":271,"properties":{"insula_id":"TIMG.E-SE.I4","wall_type":"external","description":"MN-12/13, single insula (Faubourg zone, theatre area)","period":"","plan_source":"Ballu 1903 pl. XXIII (II: 90-94); BCB fig. 152 (321-326); Germain 1969 fig. 7 (65-69)"},"geometry":{"type":"LineString","coordinates":[[6.4683582,35.4836127],[6.4684634,35.4836223]]}},{"type":"Feature","id":272,"properties":{"insula_id":"TIMG.E-SE.I4","wall_type":"external","description":"MN-12/13, single insula (Faubourg zone, theatre area)","period":"","plan_source":"Ballu 1903 pl. XXIII (II: 90-94); BCB fig. 152 (321-326); Germain 1969 fig. 7 (65-69)"},"geometry":{"type":"LineString","coordinates":[[6.4684784,35.4836234],[6.4685494,35.483628]]}},{"type":"Feature","id":273,"properties":{"insula_id":"TIMG.E-SE.I4","wall_type":"external","description":"MN-12/13, single insula (Faubourg zone, theatre area)","period":"","plan_source":"Ballu 1903 pl. XXIII (II: 90-94); BCB fig. 152 (321-326); Germain 1969 fig. 7 (65-69)"},"geometry":{"type":"LineString","coordinates":[[6.4685793,35.4836275],[6.4687169,35.4836313]]}},{"type":"Feature","id":274,"properties":{"insula_id":"TIMG.E-SE.I4","wall_type":"external","description":"MN-12/13, single insula (Faubourg zone, theatre area)","period":"","plan_source":"Ballu 1903 pl. XXIII (II: 90-94); BCB fig. 152 (321-326); Germain 1969 fig. 7 (65-69)"},"geometry":{"type":"LineString","coordinates":[[6.4687715,35.4833141],[6.4688235,35.4833159]]}},{"type":"Feature","id":275,"properties":{"insula_id":"TIMG.E-SE.I4","wall_type":"external","description":"MN-12/13, single insula (Faubourg zone, theatre area)","period":"","plan_source":"Ballu 1903 pl. XXIII (II: 90-94); BCB fig. 152 (321-326); Germain 1969 fig. 7 (65-69)"},"geometry":{"type":"LineString","coordinates":[[6.4680594,35.4835693],[6.4680602,35.4835638]]}},{"type":"Feature","id":276,"properties":{"insula_id":"TIMG.E-SE.I4","wall_type":"external","description":"MN-12/13, single insula (Faubourg zone, theatre area)","period":"","plan_source":"Ballu 1903 pl. XXIII (II: 90-94); BCB fig. 152 (321-326); Germain 1969 fig. 7 (65-69)"},"geometry":{"type":"LineString","coordinates":[[6.4680631,35.4835434],[6.4680617,35.4835556]]}},{"type":"Feature","id":277,"properties":{"insula_id":"TIMG.E-SE.I4","wall_type":"external","description":"MN-12/13, single insula (Faubourg zone, theatre area)","period":"","plan_source":"Ballu 1903 pl. XXIII (II: 90-94); BCB fig. 152 (321-326); Germain 1969 fig. 7 (65-69)"},"geometry":{"type":"LineString","coordinates":[[6.4680578,35.4835768],[6.4680567,35.4835847],[6.4681249,35.4835901],[6.4681639,35.483594],[6.4681946,35.4835971],[6.4681977,35.4835974],[6.4682191,35.4835992]]}},{"type":"Feature","id":278,"properties":{"insula_id":"TIMG.E-SE.I4","wall_type":"external","description":"MN-12/13, single insula (Faubourg zone, theatre area)","period":"","plan_source":"Ballu 1903 pl. XXIII (II: 90-94); BCB fig. 152 (321-326); Germain 1969 fig. 7 (65-69)"},"geometry":{"type":"LineString","coordinates":[[6.4682378,35.4836014],[6.4682464,35.4836019]]}},{"type":"Feature","id":279,"properties":{"insula_id":"TIMG.E-SE.I4","wall_type":"internal","description":"MN-12/13, single insula (Faubourg zone, theatre area)","period":"","plan_source":"Ballu 1903 pl. XXIII (II: 90-94); BCB fig. 152 (321-326); Germain 1969 fig. 7 (65-69)"},"geometry":{"type":"LineString","coordinates":[[6.468131,35.4835314],[6.4681292,35.4835485],[6.4681674,35.4835523],[6.4682014,35.4835556],[6.4682022,35.4835347]]}},{"type":"Feature","id":280,"properties":{"insula_id":"TIMG.E-SE.I4","wall_type":"internal","description":"MN-12/13, single insula (Faubourg zone, theatre area)","period":"","plan_source":"Ballu 1903 pl. XXIII (II: 90-94); BCB fig. 152 (321-326); Germain 1969 fig. 7 (65-69)"},"geometry":{"type":"LineString","coordinates":[[6.4681292,35.4835485],[6.4681278,35.4835567]]}},{"type":"Feature","id":281,"properties":{"insula_id":"TIMG.E-SE.I4","wall_type":"internal","description":"MN-12/13, single insula (Faubourg zone, theatre area)","period":"","plan_source":"Ballu 1903 pl. XXIII (II: 90-94); BCB fig. 152 (321-326); Germain 1969 fig. 7 (65-69)"},"geometry":{"type":"LineString","coordinates":[[6.4681674,35.4835523],[6.4681656,35.483579]]}},{"type":"Feature","id":282,"properties":{"insula_id":"TIMG.E-SE.I4","wall_type":"internal","description":"MN-12/13, single insula (Faubourg zone, theatre area)","period":"","plan_source":"Ballu 1903 pl. XXIII (II: 90-94); BCB fig. 152 (321-326); Germain 1969 fig. 7 (65-69)"},"geometry":{"type":"LineString","coordinates":[[6.4682014,35.4835556],[6.4682009,35.4835645]]}},{"type":"Feature","id":283,"properties":{"insula_id":"TIMG.E-SE.I4","wall_type":"internal","description":"MN-12/13, single insula (Faubourg zone, theatre area)","period":"","plan_source":"Ballu 1903 pl. XXIII (II: 90-94); BCB fig. 152 (321-326); Germain 1969 fig. 7 (65-69)"},"geometry":{"type":"LineString","coordinates":[[6.4681999,35.4835706],[6.4681993,35.4835766]]}},{"type":"Feature","id":284,"properties":{"insula_id":"TIMG.E-SE.I4","wall_type":"internal","description":"MN-12/13, single insula (Faubourg zone, theatre area)","period":"","plan_source":"Ballu 1903 pl. XXIII (II: 90-94); BCB fig. 152 (321-326); Germain 1969 fig. 7 (65-69)"},"geometry":{"type":"LineString","coordinates":[[6.4681991,35.4835819],[6.4681977,35.4835974]]}},{"type":"Feature","id":285,"properties":{"insula_id":"TIMG.E-SE.I4","wall_type":"internal","description":"MN-12/13, single insula (Faubourg zone, theatre area)","period":"","plan_source":"Ballu 1903 pl. XXIII (II: 90-94); BCB fig. 152 (321-326); Germain 1969 fig. 7 (65-69)"},"geometry":{"type":"LineString","coordinates":[[6.4681648,35.4835868],[6.4681639,35.483594]]}},{"type":"Feature","id":286,"properties":{"insula_id":"TIMG.E-SE.I4","wall_type":"internal","description":"MN-12/13, single insula (Faubourg zone, theatre area)","period":"","plan_source":"Ballu 1903 pl. XXIII (II: 90-94); BCB fig. 152 (321-326); Germain 1969 fig. 7 (65-69)"},"geometry":{"type":"LineString","coordinates":[[6.4681272,35.4835613],[6.4681259,35.4835683]]}},{"type":"Feature","id":287,"properties":{"insula_id":"TIMG.E-SE.I4","wall_type":"internal","description":"MN-12/13, single insula (Faubourg zone, theatre area)","period":"","plan_source":"Ballu 1903 pl. XXIII (II: 90-94); BCB fig. 152 (321-326); Germain 1969 fig. 7 (65-69)"},"geometry":{"type":"LineString","coordinates":[[6.4681249,35.4835901],[6.4681256,35.4835813]]}},{"type":"Feature","id":288,"properties":{"insula_id":"TIMG.E-SE.I4","wall_type":"internal division","description":"MN-12/13, single insula (Faubourg zone, theatre area)","period":"","plan_source":"Ballu 1903 pl. XXIII (II: 90-94); BCB fig. 152 (321-326); Germain 1969 fig. 7 (65-69)"},"geometry":{"type":"LineString","coordinates":[[6.4681717,35.4835132],[6.4681721,35.483494]]}},{"type":"Feature","id":289,"properties":{"insula_id":"TIMG.E-SE.I4","wall_type":"internal division","description":"MN-12/13, single insula (Faubourg zone, theatre area)","period":"","plan_source":"Ballu 1903 pl. XXIII (II: 90-94); BCB fig. 152 (321-326); Germain 1969 fig. 7 (65-69)"},"geometry":{"type":"LineString","coordinates":[[6.4681734,35.4834876],[6.4681743,35.4834663]]}},{"type":"Feature","id":290,"properties":{"insula_id":"TIMG.E-SE.I4","wall_type":"internal division","description":"MN-12/13, single insula (Faubourg zone, theatre area)","period":"","plan_source":"Ballu 1903 pl. XXIII (II: 90-94); BCB fig. 152 (321-326); Germain 1969 fig. 7 (65-69)"},"geometry":{"type":"LineString","coordinates":[[6.4681104,35.483463],[6.4681758,35.4834667],[6.4682154,35.4834689]]}},{"type":"Feature","id":291,"properties":{"insula_id":"TIMG.E-SE.I4","wall_type":"internal division","description":"MN-12/13, single insula (Faubourg zone, theatre area)","period":"","plan_source":"Ballu 1903 pl. XXIII (II: 90-94); BCB fig. 152 (321-326); Germain 1969 fig. 7 (65-69)"},"geometry":{"type":"LineString","coordinates":[[6.4681104,35.483463],[6.4681115,35.4834399]]}},{"type":"Feature","id":292,"properties":{"insula_id":"TIMG.E-SE.I4","wall_type":"internal","description":"MN-12/13, single insula (Faubourg zone, theatre area)","period":"","plan_source":"Ballu 1903 pl. XXIII (II: 90-94); BCB fig. 152 (321-326); Germain 1969 fig. 7 (65-69)"},"geometry":{"type":"LineString","coordinates":[[6.468113,35.4834314],[6.4681135,35.483424],[6.4681151,35.4834012]]}},{"type":"Feature","id":293,"properties":{"insula_id":"TIMG.E-SE.I4","wall_type":"internal","description":"MN-12/13, single insula (Faubourg zone, theatre area)","period":"","plan_source":"Ballu 1903 pl. XXIII (II: 90-94); BCB fig. 152 (321-326); Germain 1969 fig. 7 (65-69)"},"geometry":{"type":"LineString","coordinates":[[6.4681135,35.483424],[6.4681793,35.483428],[6.4682184,35.4834304]]}},{"type":"Feature","id":294,"properties":{"insula_id":"TIMG.E-SE.I4","wall_type":"internal","description":"MN-12/13, single insula (Faubourg zone, theatre area)","period":"","plan_source":"Ballu 1903 pl. XXIII (II: 90-94); BCB fig. 152 (321-326); Germain 1969 fig. 7 (65-69)"},"geometry":{"type":"LineString","coordinates":[[6.4682184,35.4834304],[6.4682154,35.4834689]]}},{"type":"Feature","id":295,"properties":{"insula_id":"TIMG.E-SE.I4","wall_type":"internal","description":"MN-12/13, single insula (Faubourg zone, theatre area)","period":"","plan_source":"Ballu 1903 pl. XXIII (II: 90-94); BCB fig. 152 (321-326); Germain 1969 fig. 7 (65-69)"},"geometry":{"type":"LineString","coordinates":[[6.4681793,35.483428],[6.4681785,35.4834404]]}},{"type":"Feature","id":296,"properties":{"insula_id":"TIMG.E-SE.I4","wall_type":"internal","description":"MN-12/13, single insula (Faubourg zone, theatre area)","period":"","plan_source":"Ballu 1903 pl. XXIII (II: 90-94); BCB fig. 152 (321-326); Germain 1969 fig. 7 (65-69)"},"geometry":{"type":"LineString","coordinates":[[6.4681767,35.4834483],[6.4681758,35.4834667]]}},{"type":"Feature","id":297,"properties":{"insula_id":"TIMG.E-SE.I4","wall_type":"internal","description":"MN-12/13, single insula (Faubourg zone, theatre area)","period":"","plan_source":"Ballu 1903 pl. XXIII (II: 90-94); BCB fig. 152 (321-326); Germain 1969 fig. 7 (65-69)"},"geometry":{"type":"LineString","coordinates":[[6.4681793,35.483428],[6.4681797,35.483418]]}},{"type":"Feature","id":298,"properties":{"insula_id":"TIMG.E-SE.I4","wall_type":"internal","description":"MN-12/13, single insula (Faubourg zone, theatre area)","period":"","plan_source":"Ballu 1903 pl. XXIII (II: 90-94); BCB fig. 152 (321-326); Germain 1969 fig. 7 (65-69)"},"geometry":{"type":"LineString","coordinates":[[6.4682184,35.4834304],[6.4682216,35.4833919]]}},{"type":"Feature","id":299,"properties":{"insula_id":"TIMG.E-SE.I4","wall_type":"internal","description":"MN-12/13, single insula (Faubourg zone, theatre area)","period":"","plan_source":"Ballu 1903 pl. XXIII (II: 90-94); BCB fig. 152 (321-326); Germain 1969 fig. 7 (65-69)"},"geometry":{"type":"LineString","coordinates":[[6.4681806,35.4834117],[6.468181,35.4834071]]}},{"type":"Feature","id":300,"properties":{"insula_id":"TIMG.E-SE.I4","wall_type":"internal","description":"MN-12/13, single insula (Faubourg zone, theatre area)","period":"","plan_source":"Ballu 1903 pl. XXIII (II: 90-94); BCB fig. 152 (321-326); Germain 1969 fig. 7 (65-69)"},"geometry":{"type":"LineString","coordinates":[[6.4681818,35.4834004],[6.4681828,35.4833878]]}},{"type":"Feature","id":301,"properties":{"insula_id":"TIMG.E-SE.I4","wall_type":"internal","description":"MN-12/13, single insula (Faubourg zone, theatre area)","period":"","plan_source":"Ballu 1903 pl. XXIII (II: 90-94); BCB fig. 152 (321-326); Germain 1969 fig. 7 (65-69)"},"geometry":{"type":"LineString","coordinates":[[6.4681167,35.4833841],[6.4682216,35.4833919]]}},{"type":"Feature","id":302,"properties":{"insula_id":"TIMG.E-SE.I4","wall_type":"internal","description":"MN-12/13, single insula (Faubourg zone, theatre area)","period":"","plan_source":"Ballu 1903 pl. XXIII (II: 90-94); BCB fig. 152 (321-326); Germain 1969 fig. 7 (65-69)"},"geometry":{"type":"LineString","coordinates":[[6.4681167,35.4833841],[6.4681162,35.4833935]]}},{"type":"Feature","id":303,"properties":{"insula_id":"TIMG.E-SE.I4","wall_type":"internal","description":"MN-12/13, single insula (Faubourg zone, theatre area)","period":"","plan_source":"Ballu 1903 pl. XXIII (II: 90-94); BCB fig. 152 (321-326); Germain 1969 fig. 7 (65-69)"},"geometry":{"type":"LineString","coordinates":[[6.4681828,35.4833878],[6.4681839,35.4833669]]}},{"type":"Feature","id":304,"properties":{"insula_id":"TIMG.E-SE.I4","wall_type":"internal","description":"MN-12/13, single insula (Faubourg zone, theatre area)","period":"","plan_source":"Ballu 1903 pl. XXIII (II: 90-94); BCB fig. 152 (321-326); Germain 1969 fig. 7 (65-69)"},"geometry":{"type":"LineString","coordinates":[[6.4681858,35.4833597],[6.4681855,35.4833468]]}},{"type":"Feature","id":305,"properties":{"insula_id":"TIMG.E-SE.I4","wall_type":"internal","description":"MN-12/13, single insula (Faubourg zone, theatre area)","period":"","plan_source":"Ballu 1903 pl. XXIII (II: 90-94); BCB fig. 152 (321-326); Germain 1969 fig. 7 (65-69)"},"geometry":{"type":"LineString","coordinates":[[6.4682252,35.483352],[6.4682235,35.4833919],[6.4682216,35.4833919]]}},{"type":"Feature","id":306,"properties":{"insula_id":"TIMG.E-SE.I4","wall_type":"internal","description":"MN-12/13, single insula (Faubourg zone, theatre area)","period":"","plan_source":"Ballu 1903 pl. XXIII (II: 90-94); BCB fig. 152 (321-326); Germain 1969 fig. 7 (65-69)"},"geometry":{"type":"LineString","coordinates":[[6.4681167,35.4833841],[6.4681202,35.4833616]]}},{"type":"Feature","id":307,"properties":{"insula_id":"TIMG.E-SE.I4","wall_type":"internal","description":"MN-12/13, single insula (Faubourg zone, theatre area)","period":"","plan_source":"Ballu 1903 pl. XXIII (II: 90-94); BCB fig. 152 (321-326); Germain 1969 fig. 7 (65-69)"},"geometry":{"type":"LineString","coordinates":[[6.4681215,35.4833424],[6.468186,35.4833454],[6.4681855,35.4833468]]}},{"type":"Feature","id":308,"properties":{"insula_id":"TIMG.E-SE.I4","wall_type":"internal","description":"MN-12/13, single insula (Faubourg zone, theatre area)","period":"","plan_source":"Ballu 1903 pl. XXIII (II: 90-94); BCB fig. 152 (321-326); Germain 1969 fig. 7 (65-69)"},"geometry":{"type":"LineString","coordinates":[[6.4682261,35.4833471],[6.4681855,35.4833468]]}},{"type":"Feature","id":309,"properties":{"insula_id":"TIMG.E-SE.I4","wall_type":"internal","description":"MN-12/13, single insula (Faubourg zone, theatre area)","period":"","plan_source":"Ballu 1903 pl. XXIII (II: 90-94); BCB fig. 152 (321-326); Germain 1969 fig. 7 (65-69)"},"geometry":{"type":"LineString","coordinates":[[6.4682261,35.4833471],[6.4682261,35.4833358],[6.4682261,35.4833222]]}},{"type":"Feature","id":310,"properties":{"insula_id":"TIMG.E-SE.I4","wall_type":"internal","description":"MN-12/13, single insula (Faubourg zone, theatre area)","period":"","plan_source":"Ballu 1903 pl. XXIII (II: 90-94); BCB fig. 152 (321-326); Germain 1969 fig. 7 (65-69)"},"geometry":{"type":"LineString","coordinates":[[6.4681215,35.4833424],[6.4681212,35.4833517]]}},{"type":"Feature","id":311,"properties":{"insula_id":"TIMG.E-SE.I4","wall_type":"internal","description":"MN-12/13, single insula (Faubourg zone, theatre area)","period":"","plan_source":"Ballu 1903 pl. XXIII (II: 90-94); BCB fig. 152 (321-326); Germain 1969 fig. 7 (65-69)"},"geometry":{"type":"LineString","coordinates":[[6.4681215,35.4833424],[6.4681239,35.4833174],[6.4681248,35.4833079],[6.4681248,35.4833079]]}},{"type":"Feature","id":312,"properties":{"insula_id":"TIMG.E-SE.I4","wall_type":"internal","description":"MN-12/13, single insula (Faubourg zone, theatre area)","period":"","plan_source":"Ballu 1903 pl. XXIII (II: 90-94); BCB fig. 152 (321-326); Germain 1969 fig. 7 (65-69)"},"geometry":{"type":"LineString","coordinates":[[6.4681239,35.4833174],[6.4681442,35.4833184]]}},{"type":"Feature","id":313,"properties":{"insula_id":"TIMG.E-SE.I4","wall_type":"internal","description":"MN-12/13, single insula (Faubourg zone, theatre area)","period":"","plan_source":"Ballu 1903 pl. XXIII (II: 90-94); BCB fig. 152 (321-326); Germain 1969 fig. 7 (65-69)"},"geometry":{"type":"LineString","coordinates":[[6.4681642,35.4833201],[6.4682049,35.4833213]]}},{"type":"Feature","id":314,"properties":{"insula_id":"TIMG.E-SE.I4","wall_type":"internal","description":"MN-12/13, single insula (Faubourg zone, theatre area)","period":"","plan_source":"Ballu 1903 pl. XXIII (II: 90-94); BCB fig. 152 (321-326); Germain 1969 fig. 7 (65-69)"},"geometry":{"type":"LineString","coordinates":[[6.468186,35.4833454],[6.4681864,35.4833378]]}},{"type":"Feature","id":315,"properties":{"insula_id":"TIMG.E-SE.I4","wall_type":"internal","description":"MN-12/13, single insula (Faubourg zone, theatre area)","period":"","plan_source":"Ballu 1903 pl. XXIII (II: 90-94); BCB fig. 152 (321-326); Germain 1969 fig. 7 (65-69)"},"geometry":{"type":"LineString","coordinates":[[6.4681891,35.483332],[6.4681889,35.4833108]]}},{"type":"Feature","id":316,"properties":{"insula_id":"TIMG.E-SE.I4","wall_type":"internal","description":"MN-12/13, single insula (Faubourg zone, theatre area)","period":"","plan_source":"Ballu 1903 pl. XXIII (II: 90-94); BCB fig. 152 (321-326); Germain 1969 fig. 7 (65-69)"},"geometry":{"type":"LineString","coordinates":[[6.4681912,35.4832881],[6.4681911,35.4832743]]}},{"type":"Feature","id":317,"properties":{"insula_id":"TIMG.E-SE.I4","wall_type":"internal","description":"MN-12/13, single insula (Faubourg zone, theatre area)","period":"","plan_source":"Ballu 1903 pl. XXIII (II: 90-94); BCB fig. 152 (321-326); Germain 1969 fig. 7 (65-69)"},"geometry":{"type":"LineString","coordinates":[[6.4682286,35.4833164],[6.4682285,35.4832978]]}},{"type":"Feature","id":318,"properties":{"insula_id":"TIMG.E-SE.I4","wall_type":"internal","description":"MN-12/13, single insula (Faubourg zone, theatre area)","period":"","plan_source":"Ballu 1903 pl. XXIII (II: 90-94); BCB fig. 152 (321-326); Germain 1969 fig. 7 (65-69)"},"geometry":{"type":"LineString","coordinates":[[6.46823,35.4832913],[6.4682295,35.4832756]]}},{"type":"Feature","id":319,"properties":{"insula_id":"TIMG.E-SE.I4","wall_type":"internal","description":"MN-12/13, single insula (Faubourg zone, theatre area)","period":"","plan_source":"Ballu 1903 pl. XXIII (II: 90-94); BCB fig. 152 (321-326); Germain 1969 fig. 7 (65-69)"},"geometry":{"type":"LineString","coordinates":[[6.4682261,35.4833358],[6.4682623,35.4833358]]}},{"type":"Feature","id":320,"properties":{"insula_id":"TIMG.E-SE.I4","wall_type":"internal","description":"MN-12/13, single insula (Faubourg zone, theatre area)","period":"","plan_source":"Ballu 1903 pl. XXIII (II: 90-94); BCB fig. 152 (321-326); Germain 1969 fig. 7 (65-69)"},"geometry":{"type":"LineString","coordinates":[[6.4683046,35.4833397],[6.4682874,35.48334],[6.4682879,35.4833293]]}},{"type":"Feature","id":321,"properties":{"insula_id":"TIMG.E-SE.I4","wall_type":"internal","description":"MN-12/13, single insula (Faubourg zone, theatre area)","period":"","plan_source":"Ballu 1903 pl. XXIII (II: 90-94); BCB fig. 152 (321-326); Germain 1969 fig. 7 (65-69)"},"geometry":{"type":"LineString","coordinates":[[6.4682884,35.4833228],[6.4682888,35.4833157]]}},{"type":"Feature","id":322,"properties":{"insula_id":"TIMG.E-SE.I4","wall_type":"internal","description":"MN-12/13, single insula (Faubourg zone, theatre area)","period":"","plan_source":"Ballu 1903 pl. XXIII (II: 90-94); BCB fig. 152 (321-326); Germain 1969 fig. 7 (65-69)"},"geometry":{"type":"LineString","coordinates":[[6.468291,35.4832792],[6.468291,35.4832792],[6.4682909,35.4832934]]}},{"type":"Feature","id":323,"properties":{"insula_id":"TIMG.E-SE.I4","wall_type":"internal","description":"MN-12/13, single insula (Faubourg zone, theatre area)","period":"","plan_source":"Ballu 1903 pl. XXIII (II: 90-94); BCB fig. 152 (321-326); Germain 1969 fig. 7 (65-69)"},"geometry":{"type":"LineString","coordinates":[[6.4682879,35.4833293],[6.4682884,35.4833228],[6.4682888,35.4833157]]}},{"type":"Feature","id":324,"properties":{"insula_id":"TIMG.E-SE.I4","wall_type":"internal","description":"MN-12/13, single insula (Faubourg zone, theatre area)","period":"","plan_source":"Ballu 1903 pl. XXIII (II: 90-94); BCB fig. 152 (321-326); Germain 1969 fig. 7 (65-69)"},"geometry":{"type":"LineString","coordinates":[[6.4683323,35.4833403],[6.4683325,35.4832819]]}},{"type":"Feature","id":325,"properties":{"insula_id":"TIMG.E-SE.I4","wall_type":"internal","description":"MN-12/13, single insula (Faubourg zone, theatre area)","period":"","plan_source":"Ballu 1903 pl. XXIII (II: 90-94); BCB fig. 152 (321-326); Germain 1969 fig. 7 (65-69)"},"geometry":{"type":"LineString","coordinates":[[6.4683128,35.4833396],[6.4683323,35.4833403]]}},{"type":"Feature","id":326,"properties":{"insula_id":"TIMG.E-SE.I4","wall_type":"internal","description":"MN-12/13, single insula (Faubourg zone, theatre area)","period":"","plan_source":"Ballu 1903 pl. XXIII (II: 90-94); BCB fig. 152 (321-326); Germain 1969 fig. 7 (65-69)"},"geometry":{"type":"LineString","coordinates":[[6.4683095,35.4833442],[6.46831,35.4833911],[6.4683906,35.4833943],[6.4684171,35.4833953]]}},{"type":"Feature","id":327,"properties":{"insula_id":"TIMG.E-SE.I4","wall_type":"internal","description":"MN-12/13, single insula (Faubourg zone, theatre area)","period":"","plan_source":"Ballu 1903 pl. XXIII (II: 90-94); BCB fig. 152 (321-326); Germain 1969 fig. 7 (65-69)"},"geometry":{"type":"LineString","coordinates":[[6.4683936,35.4833463],[6.4683938,35.483323],[6.4683942,35.4832859]]}},{"type":"Feature","id":328,"properties":{"insula_id":"TIMG.E-SE.I4","wall_type":"internal","description":"MN-12/13, single insula (Faubourg zone, theatre area)","period":"","plan_source":"Ballu 1903 pl. XXIII (II: 90-94); BCB fig. 152 (321-326); Germain 1969 fig. 7 (65-69)"},"geometry":{"type":"LineString","coordinates":[[6.4684926,35.4832924],[6.4684933,35.4833306],[6.4683938,35.483323]]}},{"type":"Feature","id":329,"properties":{"insula_id":"TIMG.E-SE.I4","wall_type":"internal","description":"MN-12/13, single insula (Faubourg zone, theatre area)","period":"","plan_source":"Ballu 1903 pl. XXIII (II: 90-94); BCB fig. 152 (321-326); Germain 1969 fig. 7 (65-69)"},"geometry":{"type":"LineString","coordinates":[[6.468455,35.4833621],[6.4684922,35.4833648],[6.4685088,35.483366]]}},{"type":"Feature","id":330,"properties":{"insula_id":"TIMG.E-SE.I4","wall_type":"internal","description":"MN-12/13, single insula (Faubourg zone, theatre area)","period":"","plan_source":"Ballu 1903 pl. XXIII (II: 90-94); BCB fig. 152 (321-326); Germain 1969 fig. 7 (65-69)"},"geometry":{"type":"LineString","coordinates":[[6.4684922,35.4833648],[6.4684915,35.4833483]]}},{"type":"Feature","id":331,"properties":{"insula_id":"TIMG.E-SE.I4","wall_type":"internal","description":"MN-12/13, single insula (Faubourg zone, theatre area)","period":"","plan_source":"Ballu 1903 pl. XXIII (II: 90-94); BCB fig. 152 (321-326); Germain 1969 fig. 7 (65-69)"},"geometry":{"type":"LineString","coordinates":[[6.4685554,35.4833698],[6.4685572,35.4832966]]}},{"type":"Feature","id":332,"properties":{"insula_id":"TIMG.E-SE.I4","wall_type":"internal","description":"MN-12/13, single insula (Faubourg zone, theatre area)","period":"","plan_source":"Ballu 1903 pl. XXIII (II: 90-94); BCB fig. 152 (321-326); Germain 1969 fig. 7 (65-69)"},"geometry":{"type":"LineString","coordinates":[[6.4685318,35.4833684],[6.4685732,35.4833706]]}},{"type":"Feature","id":333,"properties":{"insula_id":"TIMG.E-SE.I4","wall_type":"internal","description":"MN-12/13, single insula (Faubourg zone, theatre area)","period":"","plan_source":"Ballu 1903 pl. XXIII (II: 90-94); BCB fig. 152 (321-326); Germain 1969 fig. 7 (65-69)"},"geometry":{"type":"LineString","coordinates":[[6.4686032,35.4833581],[6.4686057,35.4832998],[6.4686057,35.4832998],[6.4686057,35.4832998]]}},{"type":"Feature","id":334,"properties":{"insula_id":"TIMG.E-SE.I4","wall_type":"internal","description":"MN-12/13, single insula (Faubourg zone, theatre area)","period":"","plan_source":"Ballu 1903 pl. XXIII (II: 90-94); BCB fig. 152 (321-326); Germain 1969 fig. 7 (65-69)"},"geometry":{"type":"LineString","coordinates":[[6.4683323,35.4833403],[6.4683549,35.4833413]]}},{"type":"Feature","id":335,"properties":{"insula_id":"TIMG.E-SE.I4","wall_type":"internal","description":"MN-12/13, single insula (Faubourg zone, theatre area)","period":"","plan_source":"Ballu 1903 pl. XXIII (II: 90-94); BCB fig. 152 (321-326); Germain 1969 fig. 7 (65-69)"},"geometry":{"type":"LineString","coordinates":[[6.4683767,35.483344],[6.4683936,35.4833463]]}},{"type":"Feature","id":336,"properties":{"insula_id":"TIMG.E-SE.I4","description":"MN-12/13, single insula (Faubourg zone, theatre area)","period":"","plan_source":"Ballu 1903 pl. XXIII (II: 90-94); BCB fig. 152 (321-326); Germain 1969 fig. 7 (65-69)"},"geometry":{"type":"LineString","coordinates":[[6.4683896,35.4833642],[6.4683904,35.4833603],[6.4683928,35.4833574],[6.4683968,35.4833549],[6.4684009,35.4833545],[6.4684038,35.4833547]]}},{"type":"Feature","id":337,"properties":{"insula_id":"TIMG.E-SE.I4","description":"MN-12/13, single insula (Faubourg zone, theatre area)","period":"","plan_source":"Ballu 1903 pl. XXIII (II: 90-94); BCB fig. 152 (321-326); Germain 1969 fig. 7 (65-69)"},"geometry":{"type":"LineString","coordinates":[[6.4684204,35.4833563],[6.4684246,35.4833572],[6.4684278,35.4833589],[6.4684305,35.4833612],[6.4684312,35.4833635],[6.4684313,35.4833659]]}},{"type":"Feature","id":338,"properties":{"insula_id":"TIMG.E-SE.I4","description":"MN-12/13, single insula (Faubourg zone, theatre area)","period":"","plan_source":"Ballu 1903 pl. XXIII (II: 90-94); BCB fig. 152 (321-326); Germain 1969 fig. 7 (65-69)"},"geometry":{"type":"LineString","coordinates":[[6.4683906,35.4833943],[6.4683909,35.4833787]]}},{"type":"Feature","id":339,"properties":{"insula_id":"TIMG.E-SE.I4","description":"MN-12/13, single insula (Faubourg zone, theatre area)","period":"","plan_source":"Ballu 1903 pl. XXIII (II: 90-94); BCB fig. 152 (321-326); Germain 1969 fig. 7 (65-69)"},"geometry":{"type":"LineString","coordinates":[[6.4684317,35.4833963],[6.4684321,35.4833768]]}},{"type":"Feature","id":340,"properties":{"insula_id":"TIMG.E-SE.I4","wall_type":"internal","description":"MN-12/13, single insula (Faubourg zone, theatre area)","period":"","plan_source":"Ballu 1903 pl. XXIII (II: 90-94); BCB fig. 152 (321-326); Germain 1969 fig. 7 (65-69)"},"geometry":{"type":"LineString","coordinates":[[6.4687015,35.4833061],[6.4686986,35.4833854],[6.4687093,35.4833859]]}},{"type":"Feature","id":341,"properties":{"insula_id":"TIMG.E-SE.I4","wall_type":"internal","description":"MN-12/13, single insula (Faubourg zone, theatre area)","period":"","plan_source":"Ballu 1903 pl. XXIII (II: 90-94); BCB fig. 152 (321-326); Germain 1969 fig. 7 (65-69)"},"geometry":{"type":"LineString","coordinates":[[6.4687166,35.4833862],[6.468821,35.4833917]]}},{"type":"Feature","id":342,"properties":{"insula_id":"TIMG.E-SE.I4","wall_type":"external","description":"MN-12/13, single insula (Faubourg zone, theatre area)","period":"","certainty":"low","plan_source":"Ballu 1903 pl. XXIII (II: 90-94); BCB fig. 152 (321-326); Germain 1969 fig. 7 (65-69)"},"geometry":{"type":"LineString","coordinates":[[6.4687715,35.4833141],[6.4687015,35.4833061]]}},{"type":"Feature","id":343,"properties":{"insula_id":"TIMG.E-SE.I4","wall_type":"internal","description":"MN-12/13, single insula (Faubourg zone, theatre area)","period":"","plan_source":"Ballu 1903 pl. XXIII (II: 90-94); BCB fig. 152 (321-326); Germain 1969 fig. 7 (65-69)"},"geometry":{"type":"LineString","coordinates":[[6.4686678,35.4833039],[6.468665,35.4833771],[6.4686813,35.4833777],[6.4686016,35.4833732],[6.4686025,35.4833648]]}},{"type":"Feature","id":344,"properties":{"insula_id":"TIMG.E-SE.I4","wall_type":"internal","description":"MN-12/13, single insula (Faubourg zone, theatre area)","period":"","plan_source":"Ballu 1903 pl. XXIII (II: 90-94); BCB fig. 152 (321-326); Germain 1969 fig. 7 (65-69)"},"geometry":{"type":"LineString","coordinates":[[6.4686986,35.4833854],[6.4686975,35.4834105]]}},{"type":"Feature","id":345,"properties":{"insula_id":"TIMG.E-SE.I4","wall_type":"internal","description":"MN-12/13, single insula (Faubourg zone, theatre area)","period":"","plan_source":"Ballu 1903 pl. XXIII (II: 90-94); BCB fig. 152 (321-326); Germain 1969 fig. 7 (65-69)"},"geometry":{"type":"LineString","coordinates":[[6.4688191,35.4834485],[6.4686999,35.4834396]]}},{"type":"Feature","id":346,"properties":{"insula_id":"TIMG.E-SE.I4","wall_type":"internal","description":"MN-12/13, single insula (Faubourg zone, theatre area)","period":"","plan_source":"Ballu 1903 pl. XXIII (II: 90-94); BCB fig. 152 (321-326); Germain 1969 fig. 7 (65-69)"},"geometry":{"type":"LineString","coordinates":[[6.4682154,35.4834689],[6.4682124,35.4835154]]}},{"type":"Feature","id":347,"properties":{"insula_id":"TIMG.E-SE.I4","wall_type":"internal","description":"MN-12/13, single insula (Faubourg zone, theatre area)","period":"","plan_source":"Ballu 1903 pl. XXIII (II: 90-94); BCB fig. 152 (321-326); Germain 1969 fig. 7 (65-69)"},"geometry":{"type":"LineString","coordinates":[[6.4683016,35.4834852],[6.4684243,35.483497],[6.4684238,35.4835044],[6.468425,35.4834869]]}},{"type":"Feature","id":348,"properties":{"insula_id":"TIMG.E-SE.I4","wall_type":"internal","description":"MN-12/13, single insula (Faubourg zone, theatre area)","period":"","plan_source":"Ballu 1903 pl. XXIII (II: 90-94); BCB fig. 152 (321-326); Germain 1969 fig. 7 (65-69)"},"geometry":{"type":"LineString","coordinates":[[6.4684214,35.4835315],[6.4684225,35.4835113]]}},{"type":"Feature","id":349,"properties":{"insula_id":"TIMG.E-SE.I4","wall_type":"internal","description":"MN-12/13, single insula (Faubourg zone, theatre area)","period":"","plan_source":"Ballu 1903 pl. XXIII (II: 90-94); BCB fig. 152 (321-326); Germain 1969 fig. 7 (65-69)"},"geometry":{"type":"LineString","coordinates":[[6.4684255,35.4834801],[6.4684267,35.4834706],[6.4683041,35.4834608],[6.4683016,35.4834852]]}},{"type":"Feature","id":350,"properties":{"insula_id":"TIMG.E-SE.I4","wall_type":"internal","description":"MN-12/13, single insula (Faubourg zone, theatre area)","period":"","plan_source":"Ballu 1903 pl. XXIII (II: 90-94); BCB fig. 152 (321-326); Germain 1969 fig. 7 (65-69)"},"geometry":{"type":"LineString","coordinates":[[6.4684179,35.4835436],[6.4682866,35.4835331]]}},{"type":"Feature","id":351,"properties":{"insula_id":"TIMG.E-SE.I4","wall_type":"internal","description":"MN-12/13, single insula (Faubourg zone, theatre area)","period":"","plan_source":"Ballu 1903 pl. XXIII (II: 90-94); BCB fig. 152 (321-326); Germain 1969 fig. 7 (65-69)"},"geometry":{"type":"LineString","coordinates":[[6.4683012,35.4835223],[6.4683017,35.4835073]]}},{"type":"Feature","id":352,"properties":{"insula_id":"TIMG.E-SE.I4","wall_type":"internal","description":"MN-12/13, single insula (Faubourg zone, theatre area)","period":"","plan_source":"Ballu 1903 pl. XXIII (II: 90-94); BCB fig. 152 (321-326); Germain 1969 fig. 7 (65-69)"},"geometry":{"type":"LineString","coordinates":[[6.4686821,35.4835501],[6.4686834,35.4835143]]}},{"type":"Feature","id":353,"properties":{"insula_id":"TIMG.E-SE.I4","wall_type":"internal","description":"MN-12/13, single insula (Faubourg zone, theatre area)","period":"","plan_source":"Ballu 1903 pl. XXIII (II: 90-94); BCB fig. 152 (321-326); Germain 1969 fig. 7 (65-69)"},"geometry":{"type":"LineString","coordinates":[[6.4686836,35.4835077],[6.4686874,35.4834726],[6.4686874,35.4834726]]}},{"type":"Feature","id":354,"properties":{"insula_id":"TIMG.E-SE.I4","wall_type":"internal","description":"MN-12/13, single insula (Faubourg zone, theatre area)","period":"","plan_source":"Ballu 1903 pl. XXIII (II: 90-94); BCB fig. 152 (321-326); Germain 1969 fig. 7 (65-69)"},"geometry":{"type":"LineString","coordinates":[[6.4686886,35.4834675],[6.4686905,35.4834247]]}},{"type":"Feature","id":355,"properties":{"insula_id":"TIMG.E-SE.I4","wall_type":"internal","description":"MN-12/13, single insula (Faubourg zone, theatre area)","period":"","plan_source":"Ballu 1903 pl. XXIII (II: 90-94); BCB fig. 152 (321-326); Germain 1969 fig. 7 (65-69)"},"geometry":{"type":"LineString","coordinates":[[6.4687243,35.4835368],[6.4687781,35.4835391],[6.4687831,35.4834784],[6.4687293,35.4834749],[6.4687275,35.4834889]]}},{"type":"Feature","id":356,"properties":{"insula_id":"TIMG.E-SE.I4","wall_type":"internal","description":"MN-12/13, single insula (Faubourg zone, theatre area)","period":"","plan_source":"Ballu 1903 pl. XXIII (II: 90-94); BCB fig. 152 (321-326); Germain 1969 fig. 7 (65-69)"},"geometry":{"type":"LineString","coordinates":[[6.4687243,35.4835368],[6.4687255,35.4835193]]}},{"type":"Feature","id":357,"properties":{"insula_id":"TIMG.E-SE.I4","wall_type":"internal","description":"MN-12/13, single insula (Faubourg zone, theatre area)","period":"","plan_source":"Ballu 1903 pl. XXIII (II: 90-94); BCB fig. 152 (321-326); Germain 1969 fig. 7 (65-69)"},"geometry":{"type":"LineString","coordinates":[[6.468459,35.4835474],[6.4685235,35.4835522]]}},{"type":"Feature","id":358,"properties":{"insula_id":"TIMG.E-SE.I4","wall_type":"internal","description":"MN-12/13, single insula (Faubourg zone, theatre area)","period":"","plan_source":"Ballu 1903 pl. XXIII (II: 90-94); BCB fig. 152 (321-326); Germain 1969 fig. 7 (65-69)"},"geometry":{"type":"LineString","coordinates":[[6.4685434,35.4835501],[6.4685846,35.483551]]}},{"type":"Feature","id":359,"properties":{"insula_id":"TIMG.E-SE.I4","wall_type":"internal","description":"MN-12/13, single insula (Faubourg zone, theatre area)","period":"","certainty":"low","plan_source":"Ballu 1903 pl. XXIII (II: 90-94); BCB fig. 152 (321-326); Germain 1969 fig. 7 (65-69)"},"geometry":{"type":"LineString","coordinates":[[6.4684961,35.4835826],[6.468728,35.4835892]]}},{"type":"Feature","id":360,"properties":{"insula_id":"TIMG.E-SE.I4","wall_type":"internal","description":"MN-12/13, single insula (Faubourg zone, theatre area)","period":"","plan_source":"Ballu 1903 pl. XXIII (II: 90-94); BCB fig. 152 (321-326); Germain 1969 fig. 7 (65-69)"},"geometry":{"type":"LineString","coordinates":[[6.4681018,35.4835108],[6.4682124,35.4835154]]}},{"type":"Feature","id":361,"properties":{"insula_id":"TIMG.E-SE.I5","description":"QR-14/15, single insula (Faubourg zone)","period":"","plan_source":"Ballu Rapport 1922: 47-53; Rapport 1923: 45-46, 48-51 (with plan); Germain 1969 fig. 10 (81-87)"},"geometry":{"type":"LineString","coordinates":[[6.4654271,35.4873076],[6.4654226,35.4872602]]}},{"type":"Feature","id":362,"properties":{"insula_id":"TIMG.E-SE.I5","description":"QR-14/15, single insula (Faubourg zone)","period":"","plan_source":"Ballu Rapport 1922: 47-53; Rapport 1923: 45-46, 48-51 (with plan); Germain 1969 fig. 10 (81-87)"},"geometry":{"type":"LineString","coordinates":[[6.4654271,35.4873076],[6.4654532,35.4873055]]}},{"type":"Feature","id":363,"properties":{"insula_id":"TIMG.E-SE.I5","description":"QR-14/15, single insula (Faubourg zone)","period":"","plan_source":"Ballu Rapport 1922: 47-53; Rapport 1923: 45-46, 48-51 (with plan); Germain 1969 fig. 10 (81-87)"},"geometry":{"type":"LineString","coordinates":[[6.4654623,35.487304],[6.4655171,35.4873001]]}},{"type":"Feature","id":364,"properties":{"insula_id":"TIMG.E-SE.I5","description":"QR-14/15, single insula (Faubourg zone)","period":"","plan_source":"Ballu Rapport 1922: 47-53; Rapport 1923: 45-46, 48-51 (with plan); Germain 1969 fig. 10 (81-87)"},"geometry":{"type":"LineString","coordinates":[[6.465522,35.4872982],[6.4655163,35.4872449]]}},{"type":"Feature","id":365,"properties":{"insula_id":"TIMG.E-SE.I5","description":"QR-14/15, single insula (Faubourg zone)","period":"","plan_source":"Ballu Rapport 1922: 47-53; Rapport 1923: 45-46, 48-51 (with plan); Germain 1969 fig. 10 (81-87)"},"geometry":{"type":"LineString","coordinates":[[6.465522,35.4872982],[6.4655956,35.4872924]]}},{"type":"Feature","id":366,"properties":{"insula_id":"TIMG.E-SE.I5","description":"QR-14/15, single insula (Faubourg zone)","period":"","plan_source":"Ballu Rapport 1922: 47-53; Rapport 1923: 45-46, 48-51 (with plan); Germain 1969 fig. 10 (81-87)"},"geometry":{"type":"LineString","coordinates":[[6.4655163,35.4872449],[6.4655298,35.4872435]]}},{"type":"Feature","id":367,"properties":{"insula_id":"TIMG.E-SE.I5","description":"QR-14/15, single insula (Faubourg zone)","period":"","plan_source":"Ballu Rapport 1922: 47-53; Rapport 1923: 45-46, 48-51 (with plan); Germain 1969 fig. 10 (81-87)"},"geometry":{"type":"LineString","coordinates":[[6.4655376,35.4872432],[6.4655977,35.4872374],[6.4656,35.4872626]]}},{"type":"Feature","id":368,"properties":{"insula_id":"TIMG.E-SE.I5","description":"QR-14/15, single insula (Faubourg zone)","period":"","plan_source":"Ballu Rapport 1922: 47-53; Rapport 1923: 45-46, 48-51 (with plan); Germain 1969 fig. 10 (81-87)"},"geometry":{"type":"LineString","coordinates":[[6.4654585,35.4873031],[6.4654582,35.4872894]]}},{"type":"Feature","id":369,"properties":{"insula_id":"TIMG.E-SE.I5","description":"QR-14/15, single insula (Faubourg zone)","period":"","plan_source":"Ballu Rapport 1922: 47-53; Rapport 1923: 45-46, 48-51 (with plan); Germain 1969 fig. 10 (81-87)"},"geometry":{"type":"LineString","coordinates":[[6.4654577,35.487284],[6.4654575,35.4872804]]}},{"type":"Feature","id":370,"properties":{"insula_id":"TIMG.E-SE.I5","description":"QR-14/15, single insula (Faubourg zone)","period":"","plan_source":"Ballu Rapport 1922: 47-53; Rapport 1923: 45-46, 48-51 (with plan); Germain 1969 fig. 10 (81-87)"},"geometry":{"type":"LineString","coordinates":[[6.4654233,35.4872545],[6.4654321,35.4872538]]}},{"type":"Feature","id":371,"properties":{"insula_id":"TIMG.E-SE.I5","description":"QR-14/15, single insula (Faubourg zone)","period":"","plan_source":"Ballu Rapport 1922: 47-53; Rapport 1923: 45-46, 48-51 (with plan); Germain 1969 fig. 10 (81-87)"},"geometry":{"type":"LineString","coordinates":[[6.4654368,35.4872534],[6.4654531,35.4872516],[6.4654754,35.4872492]]}},{"type":"Feature","id":372,"properties":{"insula_id":"TIMG.E-SE.I5","description":"QR-14/15, single insula (Faubourg zone)","period":"","plan_source":"Ballu Rapport 1922: 47-53; Rapport 1923: 45-46, 48-51 (with plan); Germain 1969 fig. 10 (81-87)"},"geometry":{"type":"LineString","coordinates":[[6.4654531,35.4872516],[6.465456,35.4872742]]}},{"type":"Feature","id":373,"properties":{"insula_id":"TIMG.E-SE.I5","description":"QR-14/15, single insula (Faubourg zone)","period":"","plan_source":"Ballu Rapport 1922: 47-53; Rapport 1923: 45-46, 48-51 (with plan); Germain 1969 fig. 10 (81-87)"},"geometry":{"type":"LineString","coordinates":[[6.4654194,35.4872539],[6.4654132,35.487204],[6.4654132,35.487204]]}},{"type":"Feature","id":374,"properties":{"insula_id":"TIMG.E-SE.I5","description":"QR-14/15, single insula (Faubourg zone)","period":"","plan_source":"Ballu Rapport 1922: 47-53; Rapport 1923: 45-46, 48-51 (with plan); Germain 1969 fig. 10 (81-87)"},"geometry":{"type":"LineString","coordinates":[[6.4654161,35.4871992],[6.4654397,35.4871975],[6.4654526,35.4871961],[6.4654579,35.4871944],[6.4654651,35.4871929],[6.4654682,35.487191],[6.4654715,35.4871886],[6.4654733,35.4871857],[6.4654738,35.4871901]]}},{"type":"Feature","id":375,"properties":{"insula_id":"TIMG.E-SE.I5","description":"QR-14/15, single insula (Faubourg zone)","period":"","plan_source":"Ballu Rapport 1922: 47-53; Rapport 1923: 45-46, 48-51 (with plan); Germain 1969 fig. 10 (81-87)"},"geometry":{"type":"LineString","coordinates":[[6.4654779,35.4872259],[6.4654769,35.4871954],[6.4654769,35.4871954]]}},{"type":"Feature","id":376,"properties":{"insula_id":"TIMG.E-SE.I5","description":"QR-14/15, single insula (Faubourg zone)","period":"","plan_source":"Ballu Rapport 1922: 47-53; Rapport 1923: 45-46, 48-51 (with plan); Germain 1969 fig. 10 (81-87)"},"geometry":{"type":"LineString","coordinates":[[6.4654801,35.4872328],[6.46548,35.4872392],[6.4654822,35.4872392],[6.4654826,35.4872484],[6.4655085,35.4872469]]}},{"type":"Feature","id":377,"properties":{"insula_id":"TIMG.E-SE.I5","description":"QR-14/15, single insula (Faubourg zone)","period":"","plan_source":"Ballu Rapport 1922: 47-53; Rapport 1923: 45-46, 48-51 (with plan); Germain 1969 fig. 10 (81-87)"},"geometry":{"type":"LineString","coordinates":[[6.4654733,35.4871857],[6.4654728,35.4871808]]}},{"type":"Feature","id":378,"properties":{"insula_id":"TIMG.E-SE.I5","description":"QR-14/15, single insula (Faubourg zone)","period":"","plan_source":"Ballu Rapport 1922: 47-53; Rapport 1923: 45-46, 48-51 (with plan); Germain 1969 fig. 10 (81-87)"},"geometry":{"type":"LineString","coordinates":[[6.4654587,35.4870883],[6.4654582,35.4870754]]}},{"type":"Feature","id":379,"properties":{"insula_id":"TIMG.E-SE.I5","description":"QR-14/15, single insula (Faubourg zone)","period":"","plan_source":"Ballu Rapport 1922: 47-53; Rapport 1923: 45-46, 48-51 (with plan); Germain 1969 fig. 10 (81-87)"},"geometry":{"type":"LineString","coordinates":[[6.4655535,35.4870465],[6.4655283,35.487048]]}},{"type":"Feature","id":380,"properties":{"insula_id":"TIMG.E-SE.I5","description":"QR-14/15, single insula (Faubourg zone)","period":"","plan_source":"Ballu Rapport 1922: 47-53; Rapport 1923: 45-46, 48-51 (with plan); Germain 1969 fig. 10 (81-87)"},"geometry":{"type":"LineString","coordinates":[[6.4655283,35.487048],[6.4655267,35.4870109],[6.4655463,35.4870104],[6.4655459,35.4870024]]}},{"type":"Feature","id":381,"properties":{"insula_id":"TIMG.E-SE.I5","description":"QR-14/15, single insula (Faubourg zone)","period":"","plan_source":"Ballu Rapport 1922: 47-53; Rapport 1923: 45-46, 48-51 (with plan); Germain 1969 fig. 10 (81-87)"},"geometry":{"type":"LineString","coordinates":[[6.4654283,35.4870205],[6.4654768,35.487017],[6.4655164,35.4870133],[6.4655204,35.4870114],[6.4655267,35.4870109]]}},{"type":"Feature","id":382,"properties":{"insula_id":"TIMG.E-SE.I5","description":"QR-14/15, single insula (Faubourg zone)","period":"","plan_source":"Ballu Rapport 1922: 47-53; Rapport 1923: 45-46, 48-51 (with plan); Germain 1969 fig. 10 (81-87)"},"geometry":{"type":"LineString","coordinates":[[6.4654782,35.4870348],[6.4654768,35.487017]]}},{"type":"Feature","id":383,"properties":{"insula_id":"TIMG.E-SE.I5","description":"QR-14/15, single insula (Faubourg zone)","period":"","plan_source":"Ballu Rapport 1922: 47-53; Rapport 1923: 45-46, 48-51 (with plan); Germain 1969 fig. 10 (81-87)"},"geometry":{"type":"LineString","coordinates":[[6.4654283,35.4870205],[6.4654327,35.4870565]]}},{"type":"Feature","id":384,"properties":{"insula_id":"TIMG.E-SE.I5","description":"QR-14/15, single insula (Faubourg zone)","period":"","plan_source":"Ballu Rapport 1922: 47-53; Rapport 1923: 45-46, 48-51 (with plan); Germain 1969 fig. 10 (81-87)"},"geometry":{"type":"LineString","coordinates":[[6.4654375,35.4870576],[6.4655,35.4870512]]}},{"type":"Feature","id":385,"properties":{"insula_id":"TIMG.E-SE.I5","description":"QR-14/15, single insula (Faubourg zone)","period":"","plan_source":"Ballu Rapport 1922: 47-53; Rapport 1923: 45-46, 48-51 (with plan); Germain 1969 fig. 10 (81-87)"},"geometry":{"type":"LineString","coordinates":[[6.4656317,35.4870373],[6.4656512,35.4870355]]}},{"type":"Feature","id":386,"properties":{"insula_id":"TIMG.E-SE.I5","description":"QR-14/15, single insula (Faubourg zone)","period":"","plan_source":"Ballu Rapport 1922: 47-53; Rapport 1923: 45-46, 48-51 (with plan); Germain 1969 fig. 10 (81-87)"},"geometry":{"type":"LineString","coordinates":[[6.4656571,35.487033],[6.4656547,35.4870085],[6.46565,35.487002],[6.4656537,35.486999],[6.4656536,35.4869969],[6.4656507,35.4869942],[6.4656483,35.4869677]]}},{"type":"Feature","id":387,"properties":{"insula_id":"TIMG.E-SE.I5","description":"QR-14/15, single insula (Faubourg zone)","period":"","plan_source":"Ballu Rapport 1922: 47-53; Rapport 1923: 45-46, 48-51 (with plan); Germain 1969 fig. 10 (81-87)"},"geometry":{"type":"LineString","coordinates":[[6.4656455,35.4869618],[6.4656413,35.486924],[6.4656357,35.4869244],[6.4656599,35.4869219]]}},{"type":"Feature","id":388,"properties":{"insula_id":"TIMG.E-SE.I5","description":"QR-14/15, single insula (Faubourg zone)","period":"","plan_source":"Ballu Rapport 1922: 47-53; Rapport 1923: 45-46, 48-51 (with plan); Germain 1969 fig. 10 (81-87)"},"geometry":{"type":"LineString","coordinates":[[6.4654802,35.4869423],[6.4654557,35.4869446],[6.4654607,35.4869728]]}},{"type":"Feature","id":389,"properties":{"insula_id":"TIMG.E-SE.I5","description":"QR-14/15, single insula (Faubourg zone)","period":"","plan_source":"Ballu Rapport 1922: 47-53; Rapport 1923: 45-46, 48-51 (with plan); Germain 1969 fig. 10 (81-87)"},"geometry":{"type":"LineString","coordinates":[[6.4655135,35.4869393],[6.4655227,35.4869385]]}},{"type":"Feature","id":390,"properties":{"insula_id":"TIMG.E-SE.I5","description":"QR-14/15, single insula (Faubourg zone)","period":"","plan_source":"Ballu Rapport 1922: 47-53; Rapport 1923: 45-46, 48-51 (with plan); Germain 1969 fig. 10 (81-87)"},"geometry":{"type":"LineString","coordinates":[[6.465534,35.4869374],[6.4655446,35.4869361]]}},{"type":"Feature","id":391,"properties":{"insula_id":"TIMG.E-SE.I5","description":"QR-14/15, single insula (Faubourg zone)","period":"","plan_source":"Ballu Rapport 1922: 47-53; Rapport 1923: 45-46, 48-51 (with plan); Germain 1969 fig. 10 (81-87)"},"geometry":{"type":"LineString","coordinates":[[6.4655227,35.4869752],[6.4655428,35.4869733],[6.4655453,35.4869944]]}},{"type":"Feature","id":392,"properties":{"insula_id":"TIMG.E-SE.I5","description":"QR-14/15, single insula (Faubourg zone)","period":"","plan_source":"Ballu Rapport 1922: 47-53; Rapport 1923: 45-46, 48-51 (with plan); Germain 1969 fig. 10 (81-87)"},"geometry":{"type":"LineString","coordinates":[[6.4655484,35.4869499],[6.465538,35.4869505]]}},{"type":"Feature","id":393,"properties":{"insula_id":"TIMG.E-SE.I5","description":"QR-14/15, single insula (Faubourg zone)","period":"","plan_source":"Ballu Rapport 1922: 47-53; Rapport 1923: 45-46, 48-51 (with plan); Germain 1969 fig. 10 (81-87)"},"geometry":{"type":"LineString","coordinates":[[6.4654653,35.4869835],[6.4654641,35.4869787]]}},{"type":"Feature","id":394,"properties":{"insula_id":"TIMG.E-SE.I5","description":"QR-14/15, single insula (Faubourg zone)","period":"","plan_source":"Ballu Rapport 1922: 47-53; Rapport 1923: 45-46, 48-51 (with plan); Germain 1969 fig. 10 (81-87)"},"geometry":{"type":"LineString","coordinates":[[6.4656702,35.4869192],[6.4656837,35.4869183],[6.4656777,35.4869185],[6.4656796,35.4869337]]}},{"type":"Feature","id":395,"properties":{"insula_id":"TIMG.E-SE.I5","description":"QR-14/15, single insula (Faubourg zone)","period":"","plan_source":"Ballu Rapport 1922: 47-53; Rapport 1923: 45-46, 48-51 (with plan); Germain 1969 fig. 10 (81-87)"},"geometry":{"type":"LineString","coordinates":[[6.4656817,35.486939],[6.4656843,35.4869593],[6.4656861,35.4869738]]}},{"type":"Feature","id":396,"properties":{"insula_id":"TIMG.E-SE.I5","description":"QR-14/15, single insula (Faubourg zone)","period":"","plan_source":"Ballu Rapport 1922: 47-53; Rapport 1923: 45-46, 48-51 (with plan); Germain 1969 fig. 10 (81-87)"},"geometry":{"type":"LineString","coordinates":[[6.4656455,35.4869618],[6.4656843,35.4869593]]}},{"type":"Feature","id":397,"properties":{"insula_id":"TIMG.E-SE.I5","description":"QR-14/15, single insula (Faubourg zone)","period":"","plan_source":"Ballu Rapport 1922: 47-53; Rapport 1923: 45-46, 48-51 (with plan); Germain 1969 fig. 10 (81-87)"},"geometry":{"type":"LineString","coordinates":[[6.4656536,35.4869969],[6.4656904,35.4869943],[6.4656902,35.4869915],[6.4656901,35.4869907],[6.4656892,35.4869799]]}},{"type":"Feature","id":398,"properties":{"insula_id":"TIMG.E-SE.I5","description":"QR-14/15, single insula (Faubourg zone)","period":"","plan_source":"Ballu Rapport 1922: 47-53; Rapport 1923: 45-46, 48-51 (with plan); Germain 1969 fig. 10 (81-87)"},"geometry":{"type":"LineString","coordinates":[[6.4656746,35.4870301],[6.465696,35.4870286],[6.4657369,35.4870258],[6.4657825,35.4870226],[6.4657806,35.4869994]]}},{"type":"Feature","id":399,"properties":{"insula_id":"TIMG.E-SE.I5","description":"QR-14/15, single insula (Faubourg zone)","period":"","plan_source":"Ballu Rapport 1922: 47-53; Rapport 1923: 45-46, 48-51 (with plan); Germain 1969 fig. 10 (81-87)"},"geometry":{"type":"LineString","coordinates":[[6.465696,35.4870286],[6.4656922,35.4869981],[6.4656904,35.4869943],[6.4656901,35.4869907],[6.4656902,35.4869915],[6.4657322,35.4869892],[6.4657328,35.4869969],[6.4657316,35.4869768],[6.4657325,35.48699],[6.4657325,35.4869884],[6.4657435,35.4869881]]}},{"type":"Feature","id":400,"properties":{"insula_id":"TIMG.E-SE.I5","description":"QR-14/15, single insula (Faubourg zone)","period":"","plan_source":"Ballu Rapport 1922: 47-53; Rapport 1923: 45-46, 48-51 (with plan); Germain 1969 fig. 10 (81-87)"},"geometry":{"type":"LineString","coordinates":[[6.4657369,35.4870258],[6.4657353,35.4870041]]}},{"type":"Feature","id":401,"properties":{"insula_id":"TIMG.E-SE.I5","description":"QR-14/15, single insula (Faubourg zone)","period":"","plan_source":"Ballu Rapport 1922: 47-53; Rapport 1923: 45-46, 48-51 (with plan); Germain 1969 fig. 10 (81-87)"},"geometry":{"type":"LineString","coordinates":[[6.4656843,35.4869593],[6.4656993,35.4869579],[6.4657014,35.486956],[6.4657071,35.4869559],[6.4657106,35.4869573],[6.4657134,35.486957],[6.4657156,35.4869551],[6.4657206,35.4869542],[6.4657263,35.4869543],[6.4657252,35.4869453],[6.465724,35.4869448],[6.4657237,35.4869381],[6.4657233,35.4869365],[6.4657224,35.4869301],[6.4657211,35.4869291],[6.4657201,35.4869142],[6.4657078,35.486915],[6.4657298,35.4869129],[6.4657299,35.4869074],[6.4657497,35.4869056]]}},{"type":"Feature","id":402,"properties":{"insula_id":"TIMG.E-SE.I5","description":"QR-14/15, single insula (Faubourg zone)","period":"","plan_source":"Ballu Rapport 1922: 47-53; Rapport 1923: 45-46, 48-51 (with plan); Germain 1969 fig. 10 (81-87)"},"geometry":{"type":"LineString","coordinates":[[6.4657582,35.4869051],[6.4657759,35.4869043]]}},{"type":"Feature","id":403,"properties":{"insula_id":"TIMG.E-SE.I5","description":"QR-14/15, single insula (Faubourg zone)","period":"","plan_source":"Ballu Rapport 1922: 47-53; Rapport 1923: 45-46, 48-51 (with plan); Germain 1969 fig. 10 (81-87)"},"geometry":{"type":"LineString","coordinates":[[6.4657285,35.48697],[6.4657263,35.4869543]]}},{"type":"Feature","id":404,"properties":{"insula_id":"TIMG.E-SE.I5","description":"QR-14/15, single insula (Faubourg zone)","period":"","plan_source":"Ballu Rapport 1922: 47-53; Rapport 1923: 45-46, 48-51 (with plan); Germain 1969 fig. 10 (81-87)"},"geometry":{"type":"LineString","coordinates":[[6.4657526,35.4869871],[6.4657803,35.4869852]]}},{"type":"Feature","id":405,"properties":{"insula_id":"TIMG.E-SE.I5","description":"QR-14/15, single insula (Faubourg zone)","period":"","plan_source":"Ballu Rapport 1922: 47-53; Rapport 1923: 45-46, 48-51 (with plan); Germain 1969 fig. 10 (81-87)"},"geometry":{"type":"LineString","coordinates":[[6.4658099,35.4870198],[6.4658067,35.4869819],[6.4658557,35.4869785],[6.4658592,35.4869783],[6.4659095,35.4869748],[6.4659124,35.4869746],[6.4659563,35.4869716],[6.4659687,35.4869708],[6.4659718,35.4870055],[6.4659617,35.4870061]]}},{"type":"Feature","id":406,"properties":{"insula_id":"TIMG.E-SE.I5","description":"QR-14/15, single insula (Faubourg zone)","period":"","plan_source":"Ballu Rapport 1922: 47-53; Rapport 1923: 45-46, 48-51 (with plan); Germain 1969 fig. 10 (81-87)"},"geometry":{"type":"LineString","coordinates":[[6.4657848,35.4869879],[6.4657974,35.4869876]]}},{"type":"Feature","id":407,"properties":{"insula_id":"TIMG.E-SE.I5","description":"QR-14/15, single insula (Faubourg zone)","period":"","plan_source":"Ballu Rapport 1922: 47-53; Rapport 1923: 45-46, 48-51 (with plan); Germain 1969 fig. 10 (81-87)"},"geometry":{"type":"LineString","coordinates":[[6.4658099,35.4870198],[6.4658275,35.4870187]]}},{"type":"Feature","id":408,"properties":{"insula_id":"TIMG.E-SE.I5","description":"QR-14/15, single insula (Faubourg zone)","period":"","plan_source":"Ballu Rapport 1922: 47-53; Rapport 1923: 45-46, 48-51 (with plan); Germain 1969 fig. 10 (81-87)"},"geometry":{"type":"LineString","coordinates":[[6.4658366,35.4870187],[6.4658631,35.4870166],[6.4658823,35.4870151]]}},{"type":"Feature","id":409,"properties":{"insula_id":"TIMG.E-SE.I5","description":"QR-14/15, single insula (Faubourg zone)","period":"","plan_source":"Ballu Rapport 1922: 47-53; Rapport 1923: 45-46, 48-51 (with plan); Germain 1969 fig. 10 (81-87)"},"geometry":{"type":"LineString","coordinates":[[6.4658592,35.4869783],[6.4658631,35.4870166]]}},{"type":"Feature","id":410,"properties":{"insula_id":"TIMG.E-SE.I5","description":"QR-14/15, single insula (Faubourg zone)","period":"","plan_source":"Ballu Rapport 1922: 47-53; Rapport 1923: 45-46, 48-51 (with plan); Germain 1969 fig. 10 (81-87)"},"geometry":{"type":"LineString","coordinates":[[6.4659476,35.4870086],[6.4659168,35.487011],[6.4658926,35.487013]]}},{"type":"Feature","id":411,"properties":{"insula_id":"TIMG.E-SE.I5","description":"QR-14/15, single insula (Faubourg zone)","period":"","plan_source":"Ballu Rapport 1922: 47-53; Rapport 1923: 45-46, 48-51 (with plan); Germain 1969 fig. 10 (81-87)"},"geometry":{"type":"LineString","coordinates":[[6.4659168,35.487011],[6.4659124,35.4869746]]}},{"type":"Feature","id":412,"properties":{"insula_id":"TIMG.E-SE.I5","description":"QR-14/15, single insula (Faubourg zone)","period":"","plan_source":"Ballu Rapport 1922: 47-53; Rapport 1923: 45-46, 48-51 (with plan); Germain 1969 fig. 10 (81-87)"},"geometry":{"type":"LineString","coordinates":[[6.4659046,35.4869411],[6.4659095,35.4869748]]}},{"type":"Feature","id":413,"properties":{"insula_id":"TIMG.E-SE.I5","description":"QR-14/15, single insula (Faubourg zone)","period":"","plan_source":"Ballu Rapport 1922: 47-53; Rapport 1923: 45-46, 48-51 (with plan); Germain 1969 fig. 10 (81-87)"},"geometry":{"type":"LineString","coordinates":[[6.4658508,35.4869017],[6.4658551,35.4869447]]}},{"type":"Feature","id":414,"properties":{"insula_id":"TIMG.E-SE.I5","description":"QR-14/15, single insula (Faubourg zone)","period":"","plan_source":"Ballu Rapport 1922: 47-53; Rapport 1923: 45-46, 48-51 (with plan); Germain 1969 fig. 10 (81-87)"},"geometry":{"type":"LineString","coordinates":[[6.4658557,35.4869785],[6.4658522,35.4869444],[6.4658551,35.4869447],[6.4658799,35.4869438]]}},{"type":"Feature","id":415,"properties":{"insula_id":"TIMG.E-SE.I5","description":"QR-14/15, single insula (Faubourg zone)","period":"","plan_source":"Ballu Rapport 1922: 47-53; Rapport 1923: 45-46, 48-51 (with plan); Germain 1969 fig. 10 (81-87)"},"geometry":{"type":"LineString","coordinates":[[6.4658522,35.4869444],[6.4657987,35.4869479],[6.4657976,35.4869478],[6.4657936,35.4869063]]}},{"type":"Feature","id":416,"properties":{"insula_id":"TIMG.E-SE.I5","description":"QR-14/15, single insula (Faubourg zone)","period":"","plan_source":"Ballu Rapport 1922: 47-53; Rapport 1923: 45-46, 48-51 (with plan); Germain 1969 fig. 10 (81-87)"},"geometry":{"type":"LineString","coordinates":[[6.4657841,35.4869058],[6.4658085,35.4869049]]}},{"type":"Feature","id":417,"properties":{"insula_id":"TIMG.E-SE.I5","description":"QR-14/15, single insula (Faubourg zone)","period":"","plan_source":"Ballu Rapport 1922: 47-53; Rapport 1923: 45-46, 48-51 (with plan); Germain 1969 fig. 10 (81-87)"},"geometry":{"type":"LineString","coordinates":[[6.4658205,35.4869073],[6.4658297,35.486907]]}},{"type":"Feature","id":418,"properties":{"insula_id":"TIMG.E-SE.I5","description":"QR-14/15, single insula (Faubourg zone)","period":"","plan_source":"Ballu Rapport 1922: 47-53; Rapport 1923: 45-46, 48-51 (with plan); Germain 1969 fig. 10 (81-87)"},"geometry":{"type":"LineString","coordinates":[[6.4658367,35.4869019],[6.4658617,35.4869006]]}},{"type":"Feature","id":419,"properties":{"insula_id":"TIMG.E-SE.I5","description":"QR-14/15, single insula (Faubourg zone)","period":"","plan_source":"Ballu Rapport 1922: 47-53; Rapport 1923: 45-46, 48-51 (with plan); Germain 1969 fig. 10 (81-87)"},"geometry":{"type":"LineString","coordinates":[[6.4659046,35.4869411],[6.4659186,35.4869401],[6.465944,35.4869382]]}},{"type":"Feature","id":420,"properties":{"insula_id":"TIMG.E-SE.I5","description":"QR-14/15, single insula (Faubourg zone)","period":"","plan_source":"Ballu Rapport 1922: 47-53; Rapport 1923: 45-46, 48-51 (with plan); Germain 1969 fig. 10 (81-87)"},"geometry":{"type":"LineString","coordinates":[[6.4659186,35.4869401],[6.4659174,35.4869239]]}},{"type":"Feature","id":421,"properties":{"insula_id":"TIMG.E-SE.I5","description":"QR-14/15, single insula (Faubourg zone)","period":"","plan_source":"Ballu Rapport 1922: 47-53; Rapport 1923: 45-46, 48-51 (with plan); Germain 1969 fig. 10 (81-87)"},"geometry":{"type":"LineString","coordinates":[[6.4659149,35.4869185],[6.4659135,35.4868958],[6.4658956,35.4868961],[6.4658919,35.4868995],[6.4658911,35.4869014],[6.4658891,35.4869015]]}},{"type":"Feature","id":422,"properties":{"insula_id":"TIMG.E-SE.I5","description":"QR-14/15, single insula (Faubourg zone)","period":"","plan_source":"Ballu Rapport 1922: 47-53; Rapport 1923: 45-46, 48-51 (with plan); Germain 1969 fig. 10 (81-87)"},"geometry":{"type":"LineString","coordinates":[[6.4659135,35.4868958],[6.4659317,35.4868953]]}},{"type":"Feature","id":423,"properties":{"insula_id":"TIMG.E-SE.I5","description":"QR-14/15, single insula (Faubourg zone)","period":"","plan_source":"Ballu Rapport 1922: 47-53; Rapport 1923: 45-46, 48-51 (with plan); Germain 1969 fig. 10 (81-87)"},"geometry":{"type":"LineString","coordinates":[[6.4659479,35.4868921],[6.4659747,35.4868908],[6.465979,35.4868906]]}},{"type":"Feature","id":424,"properties":{"insula_id":"TIMG.E-SE.I5","description":"QR-14/15, single insula (Faubourg zone)","period":"","plan_source":"Ballu Rapport 1922: 47-53; Rapport 1923: 45-46, 48-51 (with plan); Germain 1969 fig. 10 (81-87)"},"geometry":{"type":"LineString","coordinates":[[6.4659434,35.4868962],[6.4659337,35.4868967]]}},{"type":"Feature","id":425,"properties":{"insula_id":"TIMG.E-SE.I5","description":"QR-14/15, single insula (Faubourg zone)","period":"","plan_source":"Ballu Rapport 1922: 47-53; Rapport 1923: 45-46, 48-51 (with plan); Germain 1969 fig. 10 (81-87)"},"geometry":{"type":"LineString","coordinates":[[6.4659563,35.4869716],[6.4659536,35.4869357],[6.4659775,35.4869341],[6.4659929,35.486933],[6.4660025,35.4869323],[6.4660046,35.4869647],[6.4659909,35.4869653],[6.465991,35.4869677],[6.4659839,35.4869677],[6.4659839,35.4869697],[6.4659768,35.4869697]]}},{"type":"Feature","id":426,"properties":{"insula_id":"TIMG.E-SE.I5","description":"QR-14/15, single insula (Faubourg zone)","period":"","plan_source":"Ballu Rapport 1922: 47-53; Rapport 1923: 45-46, 48-51 (with plan); Germain 1969 fig. 10 (81-87)"},"geometry":{"type":"LineString","coordinates":[[6.4660015,35.4869298],[6.4660539,35.4869272],[6.4660532,35.4869165]]}},{"type":"Feature","id":427,"properties":{"insula_id":"TIMG.E-SE.I5","description":"QR-14/15, single insula (Faubourg zone)","period":"","plan_source":"Ballu Rapport 1922: 47-53; Rapport 1923: 45-46, 48-51 (with plan); Germain 1969 fig. 10 (81-87)"},"geometry":{"type":"LineString","coordinates":[[6.466052,35.4869102],[6.4660492,35.4868826],[6.4660218,35.4868848],[6.4660667,35.4868815]]}},{"type":"Feature","id":428,"properties":{"insula_id":"TIMG.E-SE.I5","description":"QR-14/15, single insula (Faubourg zone)","period":"","plan_source":"Ballu Rapport 1922: 47-53; Rapport 1923: 45-46, 48-51 (with plan); Germain 1969 fig. 10 (81-87)"},"geometry":{"type":"LineString","coordinates":[[6.4660754,35.4868813],[6.4660949,35.4868798],[6.4660958,35.4868966],[6.4660971,35.4869116],[6.4660988,35.4869251],[6.4661013,35.486941],[6.4661033,35.4869554]]}},{"type":"Feature","id":429,"properties":{"insula_id":"TIMG.E-SE.I5","description":"QR-14/15, single insula (Faubourg zone)","period":"","plan_source":"Ballu Rapport 1922: 47-53; Rapport 1923: 45-46, 48-51 (with plan); Germain 1969 fig. 10 (81-87)"},"geometry":{"type":"LineString","coordinates":[[6.4661064,35.4869608],[6.466108,35.4869816],[6.4661101,35.4870092]]}},{"type":"Feature","id":430,"properties":{"insula_id":"TIMG.E-SE.I5","description":"QR-14/15, single insula (Faubourg zone)","period":"","plan_source":"Ballu Rapport 1922: 47-53; Rapport 1923: 45-46, 48-51 (with plan); Germain 1969 fig. 10 (81-87)"},"geometry":{"type":"LineString","coordinates":[[6.4660539,35.4869272],[6.4660559,35.4869391]]}},{"type":"Feature","id":431,"properties":{"insula_id":"TIMG.E-SE.I5","description":"QR-14/15, single insula (Faubourg zone)","period":"","plan_source":"Ballu Rapport 1922: 47-53; Rapport 1923: 45-46, 48-51 (with plan); Germain 1969 fig. 10 (81-87)"},"geometry":{"type":"LineString","coordinates":[[6.466058,35.4869449],[6.4660597,35.4869659],[6.4660603,35.4869723]]}},{"type":"Feature","id":432,"properties":{"insula_id":"TIMG.E-SE.I5","description":"QR-14/15, single insula (Faubourg zone)","period":"","plan_source":"Ballu Rapport 1922: 47-53; Rapport 1923: 45-46, 48-51 (with plan); Germain 1969 fig. 10 (81-87)"},"geometry":{"type":"LineString","coordinates":[[6.4660597,35.4869659],[6.4660164,35.4869679],[6.4660165,35.4869701],[6.4660064,35.4869704]]}},{"type":"Feature","id":433,"properties":{"insula_id":"TIMG.E-SE.I5","description":"QR-14/15, single insula (Faubourg zone)","period":"","plan_source":"Ballu Rapport 1922: 47-53; Rapport 1923: 45-46, 48-51 (with plan); Germain 1969 fig. 10 (81-87)"},"geometry":{"type":"LineString","coordinates":[[6.4660094,35.4869778],[6.4660112,35.486999]]}},{"type":"Feature","id":434,"properties":{"insula_id":"TIMG.E-SE.I5","description":"QR-14/15, single insula (Faubourg zone)","period":"","plan_source":"Ballu Rapport 1922: 47-53; Rapport 1923: 45-46, 48-51 (with plan); Germain 1969 fig. 10 (81-87)"},"geometry":{"type":"LineString","coordinates":[[6.4659968,35.4868881],[6.4659894,35.4868879],[6.4659929,35.486933]]}},{"type":"Feature","id":435,"properties":{"insula_id":"TIMG.E-SE.I5","description":"QR-14/15, single insula (Faubourg zone)","period":"","plan_source":"Ballu Rapport 1922: 47-53; Rapport 1923: 45-46, 48-51 (with plan); Germain 1969 fig. 10 (81-87)"},"geometry":{"type":"LineString","coordinates":[[6.4659775,35.4869341],[6.4659747,35.4868908]]}},{"type":"Feature","id":436,"properties":{"insula_id":"TIMG.E-SE.I5","description":"QR-14/15, single insula (Faubourg zone)","period":"","plan_source":"Ballu Rapport 1922: 47-53; Rapport 1923: 45-46, 48-51 (with plan); Germain 1969 fig. 10 (81-87)"},"geometry":{"type":"LineString","coordinates":[[6.4661131,35.4870165],[6.4661136,35.4870266],[6.466114,35.4870332]]}},{"type":"Feature","id":437,"properties":{"insula_id":"TIMG.E-SE.I5","description":"QR-14/15, single insula (Faubourg zone)","period":"","plan_source":"Ballu Rapport 1922: 47-53; Rapport 1923: 45-46, 48-51 (with plan); Germain 1969 fig. 10 (81-87)"},"geometry":{"type":"LineString","coordinates":[[6.4661136,35.4870266],[6.4660951,35.4870271]]}},{"type":"Feature","id":438,"properties":{"insula_id":"TIMG.E-SE.I5","description":"QR-14/15, single insula (Faubourg zone)","period":"","plan_source":"Ballu Rapport 1922: 47-53; Rapport 1923: 45-46, 48-51 (with plan); Germain 1969 fig. 10 (81-87)"},"geometry":{"type":"LineString","coordinates":[[6.4660871,35.4870287],[6.4660766,35.4870291]]}},{"type":"Feature","id":439,"properties":{"insula_id":"TIMG.E-SE.I5","description":"QR-14/15, single insula (Faubourg zone)","period":"","plan_source":"Ballu Rapport 1922: 47-53; Rapport 1923: 45-46, 48-51 (with plan); Germain 1969 fig. 10 (81-87)"},"geometry":{"type":"LineString","coordinates":[[6.4660758,35.4870248],[6.4660677,35.4870252],[6.4660667,35.4870072],[6.4660117,35.4870096],[6.466012,35.487018],[6.466015,35.4870197],[6.4660159,35.4870342]]}},{"type":"Feature","id":440,"properties":{"insula_id":"TIMG.E-SE.I5","description":"QR-14/15, single insula (Faubourg zone)","period":"","plan_source":"Ballu Rapport 1922: 47-53; Rapport 1923: 45-46, 48-51 (with plan); Germain 1969 fig. 10 (81-87)"},"geometry":{"type":"LineString","coordinates":[[6.4660177,35.4870415],[6.4660183,35.4870486]]}},{"type":"Feature","id":441,"properties":{"insula_id":"TIMG.E-SE.I5","description":"QR-14/15, single insula (Faubourg zone)","period":"","plan_source":"Ballu Rapport 1922: 47-53; Rapport 1923: 45-46, 48-51 (with plan); Germain 1969 fig. 10 (81-87)"},"geometry":{"type":"LineString","coordinates":[[6.4660197,35.4870555],[6.4660204,35.4870716],[6.4660566,35.4870702],[6.466058,35.4870695],[6.466066,35.4870687],[6.4660666,35.4870668],[6.4660731,35.4870661],[6.4660718,35.4870372]]}},{"type":"Feature","id":442,"properties":{"insula_id":"TIMG.E-SE.I5","description":"QR-14/15, single insula (Faubourg zone)","period":"","plan_source":"Ballu Rapport 1922: 47-53; Rapport 1923: 45-46, 48-51 (with plan); Germain 1969 fig. 10 (81-87)"},"geometry":{"type":"LineString","coordinates":[[6.4660646,35.4869988],[6.4660634,35.4869813]]}},{"type":"Feature","id":443,"properties":{"insula_id":"TIMG.E-SE.I5","description":"QR-14/15, single insula (Faubourg zone)","period":"","plan_source":"Ballu Rapport 1922: 47-53; Rapport 1923: 45-46, 48-51 (with plan); Germain 1969 fig. 10 (81-87)"},"geometry":{"type":"LineString","coordinates":[[6.4661213,35.4870787],[6.4661209,35.4870677]]}},{"type":"Feature","id":444,"properties":{"insula_id":"TIMG.E-SE.I5","description":"QR-14/15, single insula (Faubourg zone)","period":"","plan_source":"Ballu Rapport 1922: 47-53; Rapport 1923: 45-46, 48-51 (with plan); Germain 1969 fig. 10 (81-87)"},"geometry":{"type":"LineString","coordinates":[[6.4661186,35.4870615],[6.466118,35.4870362]]}},{"type":"Feature","id":445,"properties":{"insula_id":"TIMG.E-SE.I5","description":"QR-14/15, single insula (Faubourg zone)","period":"","plan_source":"Ballu Rapport 1922: 47-53; Rapport 1923: 45-46, 48-51 (with plan); Germain 1969 fig. 10 (81-87)"},"geometry":{"type":"LineString","coordinates":[[6.4660566,35.4870702],[6.4660569,35.4870765],[6.4660581,35.4870829],[6.4660607,35.4870861],[6.4660643,35.4870867],[6.466071,35.487086],[6.4660766,35.4870855]]}},{"type":"Feature","id":446,"properties":{"insula_id":"TIMG.E-SE.I5","description":"QR-14/15, single insula (Faubourg zone)","period":"","plan_source":"Ballu Rapport 1922: 47-53; Rapport 1923: 45-46, 48-51 (with plan); Germain 1969 fig. 10 (81-87)"},"geometry":{"type":"LineString","coordinates":[[6.4660985,35.4870854],[6.4661093,35.4870855]]}},{"type":"Feature","id":447,"properties":{"insula_id":"TIMG.E-SE.I5","description":"QR-14/15, single insula (Faubourg zone)","period":"","plan_source":"Ballu Rapport 1922: 47-53; Rapport 1923: 45-46, 48-51 (with plan); Germain 1969 fig. 10 (81-87)"},"geometry":{"type":"LineString","coordinates":[[6.466124,35.4870984],[6.4661233,35.4870865]]}},{"type":"Feature","id":448,"properties":{"insula_id":"TIMG.E-SE.I5","description":"QR-14/15, single insula (Faubourg zone)","period":"","plan_source":"Ballu Rapport 1922: 47-53; Rapport 1923: 45-46, 48-51 (with plan); Germain 1969 fig. 10 (81-87)"},"geometry":{"type":"LineString","coordinates":[[6.4661317,35.487058],[6.466142,35.4870574],[6.466143,35.4870667]]}},{"type":"Feature","id":449,"properties":{"insula_id":"TIMG.E-SE.I5","description":"QR-14/15, single insula (Faubourg zone)","period":"","plan_source":"Ballu Rapport 1922: 47-53; Rapport 1923: 45-46, 48-51 (with plan); Germain 1969 fig. 10 (81-87)"},"geometry":{"type":"LineString","coordinates":[[6.4661235,35.4871076],[6.4661497,35.4871073]]}},{"type":"Feature","id":450,"properties":{"insula_id":"TIMG.E-SE.I5","description":"QR-14/15, single insula (Faubourg zone)","period":"","plan_source":"Ballu Rapport 1922: 47-53; Rapport 1923: 45-46, 48-51 (with plan); Germain 1969 fig. 10 (81-87)"},"geometry":{"type":"LineString","coordinates":[[6.4661546,35.4871126],[6.4661551,35.4871227],[6.466198,35.4871207],[6.466199,35.4871483],[6.4661991,35.4871508]]}},{"type":"Feature","id":451,"properties":{"insula_id":"TIMG.E-SE.I5","description":"QR-14/15, single insula (Faubourg zone)","period":"","plan_source":"Ballu Rapport 1922: 47-53; Rapport 1923: 45-46, 48-51 (with plan); Germain 1969 fig. 10 (81-87)"},"geometry":{"type":"LineString","coordinates":[[6.4661238,35.4871253],[6.4661339,35.4871248]]}},{"type":"Feature","id":452,"properties":{"insula_id":"TIMG.E-SE.I5","description":"QR-14/15, single insula (Faubourg zone)","period":"","plan_source":"Ballu Rapport 1922: 47-53; Rapport 1923: 45-46, 48-51 (with plan); Germain 1969 fig. 10 (81-87)"},"geometry":{"type":"LineString","coordinates":[[6.4660444,35.4871237],[6.4660443,35.4871111]]}},{"type":"Feature","id":453,"properties":{"insula_id":"TIMG.E-SE.I5","description":"QR-14/15, single insula (Faubourg zone)","period":"","plan_source":"Ballu Rapport 1922: 47-53; Rapport 1923: 45-46, 48-51 (with plan); Germain 1969 fig. 10 (81-87)"},"geometry":{"type":"LineString","coordinates":[[6.4660432,35.487106],[6.4660429,35.487095]]}},{"type":"Feature","id":454,"properties":{"insula_id":"TIMG.E-SE.I5","description":"QR-14/15, single insula (Faubourg zone)","period":"","plan_source":"Ballu Rapport 1922: 47-53; Rapport 1923: 45-46, 48-51 (with plan); Germain 1969 fig. 10 (81-87)"},"geometry":{"type":"LineString","coordinates":[[6.4660401,35.4870881],[6.466024,35.4870885],[6.4660244,35.4870961]]}},{"type":"Feature","id":455,"properties":{"insula_id":"TIMG.E-SE.I5","description":"QR-14/15, single insula (Faubourg zone)","period":"","plan_source":"Ballu Rapport 1922: 47-53; Rapport 1923: 45-46, 48-51 (with plan); Germain 1969 fig. 10 (81-87)"},"geometry":{"type":"LineString","coordinates":[[6.466022,35.4870842],[6.4660221,35.4870805]]}},{"type":"Feature","id":456,"properties":{"insula_id":"TIMG.E-SE.I5","description":"QR-14/15, single insula (Faubourg zone)","period":"","plan_source":"Ballu Rapport 1922: 47-53; Rapport 1923: 45-46, 48-51 (with plan); Germain 1969 fig. 10 (81-87)"},"geometry":{"type":"LineString","coordinates":[[6.4660468,35.4871288],[6.4660782,35.4871278],[6.4661048,35.4871269]]}},{"type":"Feature","id":457,"properties":{"insula_id":"TIMG.E-SE.I5","description":"QR-14/15, single insula (Faubourg zone)","period":"","plan_source":"Ballu Rapport 1922: 47-53; Rapport 1923: 45-46, 48-51 (with plan); Germain 1969 fig. 10 (81-87)"},"geometry":{"type":"LineString","coordinates":[[6.4660782,35.4871278],[6.4660741,35.4871317],[6.4660704,35.4871349],[6.4660668,35.4871392],[6.4660669,35.4871416],[6.4660702,35.4871452],[6.4660753,35.487149],[6.4660797,35.4871524],[6.4660842,35.4871539],[6.4660917,35.4871546],[6.4660943,35.4871545],[6.4661136,35.4871536]]}},{"type":"Feature","id":458,"properties":{"insula_id":"TIMG.E-SE.I5","description":"QR-14/15, single insula (Faubourg zone)","period":"","plan_source":"Ballu Rapport 1922: 47-53; Rapport 1923: 45-46, 48-51 (with plan); Germain 1969 fig. 10 (81-87)"},"geometry":{"type":"LineString","coordinates":[[6.4660943,35.4871545],[6.4660943,35.4871483]]}},{"type":"Feature","id":459,"properties":{"insula_id":"TIMG.E-SE.I5","description":"QR-14/15, single insula (Faubourg zone)","period":"","plan_source":"Ballu Rapport 1922: 47-53; Rapport 1923: 45-46, 48-51 (with plan); Germain 1969 fig. 10 (81-87)"},"geometry":{"type":"LineString","coordinates":[[6.4660945,35.4871435],[6.4660945,35.4871371]]}},{"type":"Feature","id":460,"properties":{"insula_id":"TIMG.E-SE.I5","description":"QR-14/15, single insula (Faubourg zone)","period":"","plan_source":"Ballu Rapport 1922: 47-53; Rapport 1923: 45-46, 48-51 (with plan); Germain 1969 fig. 10 (81-87)"},"geometry":{"type":"LineString","coordinates":[[6.4661059,35.4871623],[6.4661067,35.487165],[6.466109,35.4871675],[6.466112,35.4871691],[6.4661161,35.4871697],[6.4661205,35.4871683],[6.4661244,35.4871656],[6.4661263,35.4871633],[6.4661296,35.4871605]]}},{"type":"Feature","id":461,"properties":{"insula_id":"TIMG.E-SE.I5","description":"QR-14/15, single insula (Faubourg zone)","period":"","plan_source":"Ballu Rapport 1922: 47-53; Rapport 1923: 45-46, 48-51 (with plan); Germain 1969 fig. 10 (81-87)"},"geometry":{"type":"LineString","coordinates":[[6.4661256,35.4871458],[6.4661533,35.4871446]]}},{"type":"Feature","id":462,"properties":{"insula_id":"TIMG.E-SE.I5","description":"QR-14/15, single insula (Faubourg zone)","period":"","plan_source":"Ballu Rapport 1922: 47-53; Rapport 1923: 45-46, 48-51 (with plan); Germain 1969 fig. 10 (81-87)"},"geometry":{"type":"LineString","coordinates":[[6.4661601,35.4871409],[6.4661687,35.4871473]]}},{"type":"Feature","id":463,"properties":{"insula_id":"TIMG.E-SE.I5","description":"QR-14/15, single insula (Faubourg zone)","period":"","plan_source":"Ballu Rapport 1922: 47-53; Rapport 1923: 45-46, 48-51 (with plan); Germain 1969 fig. 10 (81-87)"},"geometry":{"type":"LineString","coordinates":[[6.4661606,35.487157],[6.4661612,35.4871713]]}},{"type":"Feature","id":464,"properties":{"insula_id":"TIMG.E-SE.I5","description":"QR-14/15, single insula (Faubourg zone)","period":"","plan_source":"Ballu Rapport 1922: 47-53; Rapport 1923: 45-46, 48-51 (with plan); Germain 1969 fig. 10 (81-87)"},"geometry":{"type":"LineString","coordinates":[[6.4661363,35.4871858],[6.4661358,35.487175],[6.4661353,35.4871642]]}},{"type":"Feature","id":465,"properties":{"insula_id":"TIMG.E-SE.I5","description":"QR-14/15, single insula (Faubourg zone)","period":"","plan_source":"Ballu Rapport 1922: 47-53; Rapport 1923: 45-46, 48-51 (with plan); Germain 1969 fig. 10 (81-87)"},"geometry":{"type":"LineString","coordinates":[[6.4661358,35.487175],[6.4661441,35.4871744]]}},{"type":"Feature","id":466,"properties":{"insula_id":"TIMG.E-SE.I5","description":"QR-14/15, single insula (Faubourg zone)","period":"","plan_source":"Ballu Rapport 1922: 47-53; Rapport 1923: 45-46, 48-51 (with plan); Germain 1969 fig. 10 (81-87)"},"geometry":{"type":"LineString","coordinates":[[6.4661685,35.4871946],[6.4661677,35.4871818],[6.4661687,35.4871944],[6.4661768,35.4871942]]}},{"type":"Feature","id":467,"properties":{"insula_id":"TIMG.E-SE.I5","description":"QR-14/15, single insula (Faubourg zone)","period":"","plan_source":"Ballu Rapport 1922: 47-53; Rapport 1923: 45-46, 48-51 (with plan); Germain 1969 fig. 10 (81-87)"},"geometry":{"type":"LineString","coordinates":[[6.4661691,35.4871787],[6.4661788,35.4871784]]}},{"type":"Feature","id":468,"properties":{"insula_id":"TIMG.E-SE.I5","description":"QR-14/15, single insula (Faubourg zone)","period":"","plan_source":"Ballu Rapport 1922: 47-53; Rapport 1923: 45-46, 48-51 (with plan); Germain 1969 fig. 10 (81-87)"},"geometry":{"type":"LineString","coordinates":[[6.4661583,35.4872021],[6.4661587,35.4872131]]}},{"type":"Feature","id":469,"properties":{"insula_id":"TIMG.E-SE.I5","description":"QR-14/15, single insula (Faubourg zone)","period":"","plan_source":"Ballu Rapport 1922: 47-53; Rapport 1923: 45-46, 48-51 (with plan); Germain 1969 fig. 10 (81-87)"},"geometry":{"type":"LineString","coordinates":[[6.4661983,35.4872207],[6.4661975,35.4872075]]}},{"type":"Feature","id":470,"properties":{"insula_id":"TIMG.E-SE.I5","description":"QR-14/15, single insula (Faubourg zone)","period":"","plan_source":"Ballu Rapport 1922: 47-53; Rapport 1923: 45-46, 48-51 (with plan); Germain 1969 fig. 10 (81-87)"},"geometry":{"type":"LineString","coordinates":[[6.4662091,35.4872068],[6.4662123,35.4872068],[6.4662293,35.4872063],[6.4662385,35.487206]]}},{"type":"Feature","id":471,"properties":{"insula_id":"TIMG.E-SE.I5","description":"QR-14/15, single insula (Faubourg zone)","period":"","plan_source":"Ballu Rapport 1922: 47-53; Rapport 1923: 45-46, 48-51 (with plan); Germain 1969 fig. 10 (81-87)"},"geometry":{"type":"LineString","coordinates":[[6.4662293,35.4872063],[6.4662262,35.4871477],[6.4662258,35.4871415]]}},{"type":"Feature","id":472,"properties":{"insula_id":"TIMG.E-SE.I5","description":"QR-14/15, single insula (Faubourg zone)","period":"","plan_source":"Ballu Rapport 1922: 47-53; Rapport 1923: 45-46, 48-51 (with plan); Germain 1969 fig. 10 (81-87)"},"geometry":{"type":"LineString","coordinates":[[6.4662262,35.4871477],[6.466199,35.4871483]]}},{"type":"Feature","id":473,"properties":{"insula_id":"TIMG.E-SE.I5","description":"QR-14/15, single insula (Faubourg zone)","period":"","plan_source":"Ballu Rapport 1922: 47-53; Rapport 1923: 45-46, 48-51 (with plan); Germain 1969 fig. 10 (81-87)"},"geometry":{"type":"LineString","coordinates":[[6.4662053,35.4871639],[6.4662063,35.4871765],[6.4661895,35.4871772],[6.4662107,35.487176],[6.4662114,35.4871905],[6.4662123,35.4872068]]}},{"type":"Feature","id":474,"properties":{"insula_id":"TIMG.E-SE.I5","description":"QR-14/15, single insula (Faubourg zone)","period":"","plan_source":"Ballu Rapport 1922: 47-53; Rapport 1923: 45-46, 48-51 (with plan); Germain 1969 fig. 10 (81-87)"},"geometry":{"type":"LineString","coordinates":[[6.4661974,35.4872043],[6.4661968,35.4871911],[6.4662114,35.4871905]]}},{"type":"Feature","id":475,"properties":{"insula_id":"TIMG.E-SE.I5","description":"QR-14/15, single insula (Faubourg zone)","period":"","plan_source":"Ballu Rapport 1922: 47-53; Rapport 1923: 45-46, 48-51 (with plan); Germain 1969 fig. 10 (81-87)"},"geometry":{"type":"LineString","coordinates":[[6.466198,35.4871207],[6.466198,35.4871142],[6.4662302,35.4871136],[6.4662687,35.4871119],[6.466309,35.4871099],[6.4663264,35.4871085],[6.4663406,35.4871058],[6.466354,35.4871045],[6.4663692,35.4871037],[6.4663702,35.4871301],[6.4663717,35.4871496],[6.4663753,35.4871929],[6.4663798,35.4872293]]}},{"type":"Feature","id":476,"properties":{"insula_id":"TIMG.E-SE.I5","description":"QR-14/15, single insula (Faubourg zone)","period":"","plan_source":"Ballu Rapport 1922: 47-53; Rapport 1923: 45-46, 48-51 (with plan); Germain 1969 fig. 10 (81-87)"},"geometry":{"type":"LineString","coordinates":[[6.4661403,35.4870908],[6.466147,35.4870905]]}},{"type":"Feature","id":477,"properties":{"insula_id":"TIMG.E-SE.I5","description":"QR-14/15, single insula (Faubourg zone)","period":"","plan_source":"Ballu Rapport 1922: 47-53; Rapport 1923: 45-46, 48-51 (with plan); Germain 1969 fig. 10 (81-87)"},"geometry":{"type":"LineString","coordinates":[[6.4661535,35.4870905],[6.4661591,35.4870901]]}},{"type":"Feature","id":478,"properties":{"insula_id":"TIMG.E-SE.I5","description":"QR-14/15, single insula (Faubourg zone)","period":"","plan_source":"Ballu Rapport 1922: 47-53; Rapport 1923: 45-46, 48-51 (with plan); Germain 1969 fig. 10 (81-87)"},"geometry":{"type":"LineString","coordinates":[[6.4661703,35.4870905],[6.4661788,35.4870901]]}},{"type":"Feature","id":479,"properties":{"insula_id":"TIMG.E-SE.I5","description":"QR-14/15, single insula (Faubourg zone)","period":"","plan_source":"Ballu Rapport 1922: 47-53; Rapport 1923: 45-46, 48-51 (with plan); Germain 1969 fig. 10 (81-87)"},"geometry":{"type":"LineString","coordinates":[[6.4661429,35.4870803],[6.4661428,35.4870761]]}},{"type":"Feature","id":480,"properties":{"insula_id":"TIMG.E-SE.I5","description":"QR-14/15, single insula (Faubourg zone)","period":"","plan_source":"Ballu Rapport 1922: 47-53; Rapport 1923: 45-46, 48-51 (with plan); Germain 1969 fig. 10 (81-87)"},"geometry":{"type":"LineString","coordinates":[[6.4660511,35.4871653],[6.4660543,35.4871671],[6.4660593,35.4871682],[6.4660646,35.4871675],[6.4660675,35.4871658],[6.4660696,35.487163]]}},{"type":"Feature","id":481,"properties":{"insula_id":"TIMG.E-SE.I5","description":"QR-14/15, single insula (Faubourg zone)","period":"","plan_source":"Ballu Rapport 1922: 47-53; Rapport 1923: 45-46, 48-51 (with plan); Germain 1969 fig. 10 (81-87)"},"geometry":{"type":"LineString","coordinates":[[6.4660729,35.487172],[6.4660734,35.4871775]]}},{"type":"Feature","id":482,"properties":{"insula_id":"TIMG.E-SE.I5","description":"QR-14/15, single insula (Faubourg zone)","period":"","plan_source":"Ballu Rapport 1922: 47-53; Rapport 1923: 45-46, 48-51 (with plan); Germain 1969 fig. 10 (81-87)"},"geometry":{"type":"LineString","coordinates":[[6.4660381,35.4871508],[6.4660378,35.4871375]]}},{"type":"Feature","id":483,"properties":{"insula_id":"TIMG.E-SE.I5","description":"QR-14/15, single insula (Faubourg zone)","period":"","plan_source":"Ballu Rapport 1922: 47-53; Rapport 1923: 45-46, 48-51 (with plan); Germain 1969 fig. 10 (81-87)"},"geometry":{"type":"LineString","coordinates":[[6.4659375,35.4871407],[6.4659383,35.4871605],[6.4659585,35.4871592],[6.4659645,35.4871581],[6.4659722,35.4871564],[6.4659816,35.487156],[6.4659867,35.4871547],[6.4659868,35.4871465],[6.465987,35.4871549],[6.4659917,35.4871562],[6.4659949,35.4871572],[6.4660193,35.4871563]]}},{"type":"Feature","id":484,"properties":{"insula_id":"TIMG.E-SE.I5","description":"QR-14/15, single insula (Faubourg zone)","period":"","plan_source":"Ballu Rapport 1922: 47-53; Rapport 1923: 45-46, 48-51 (with plan); Germain 1969 fig. 10 (81-87)"},"geometry":{"type":"LineString","coordinates":[[6.4659619,35.4871094],[6.4659694,35.4871378],[6.465977,35.4871374]]}},{"type":"Feature","id":485,"properties":{"insula_id":"TIMG.E-SE.I5","description":"QR-14/15, single insula (Faubourg zone)","period":"","plan_source":"Ballu Rapport 1922: 47-53; Rapport 1923: 45-46, 48-51 (with plan); Germain 1969 fig. 10 (81-87)"},"geometry":{"type":"LineString","coordinates":[[6.4659834,35.4871345],[6.4660062,35.4871336],[6.4660091,35.4871321],[6.4660114,35.4871319],[6.4660399,35.4871303]]}},{"type":"Feature","id":486,"properties":{"insula_id":"TIMG.E-SE.I5","description":"QR-14/15, single insula (Faubourg zone)","period":"","plan_source":"Ballu Rapport 1922: 47-53; Rapport 1923: 45-46, 48-51 (with plan); Germain 1969 fig. 10 (81-87)"},"geometry":{"type":"LineString","coordinates":[[6.4660088,35.4870989],[6.4660114,35.4871319]]}},{"type":"Feature","id":487,"properties":{"insula_id":"TIMG.E-SE.I5","description":"QR-14/15, single insula (Faubourg zone)","period":"","plan_source":"Ballu Rapport 1922: 47-53; Rapport 1923: 45-46, 48-51 (with plan); Germain 1969 fig. 10 (81-87)"},"geometry":{"type":"LineString","coordinates":[[6.4659375,35.4871407],[6.4659227,35.487142],[6.4659157,35.4871419],[6.4659086,35.4871447],[6.4658964,35.4871457],[6.4658609,35.4871474],[6.4658587,35.487149],[6.4658293,35.4871506],[6.4658238,35.4871512],[6.4658152,35.4871521],[6.4657891,35.4871531],[6.4657884,35.4871433]]}},{"type":"Feature","id":488,"properties":{"insula_id":"TIMG.E-SE.I5","description":"QR-14/15, single insula (Faubourg zone)","period":"","plan_source":"Ballu Rapport 1922: 47-53; Rapport 1923: 45-46, 48-51 (with plan); Germain 1969 fig. 10 (81-87)"},"geometry":{"type":"LineString","coordinates":[[6.4658206,35.4871176],[6.4658238,35.4871512]]}},{"type":"Feature","id":489,"properties":{"insula_id":"TIMG.E-SE.I5","description":"QR-14/15, single insula (Faubourg zone)","period":"","plan_source":"Ballu Rapport 1922: 47-53; Rapport 1923: 45-46, 48-51 (with plan); Germain 1969 fig. 10 (81-87)"},"geometry":{"type":"LineString","coordinates":[[6.4659157,35.4871419],[6.4659113,35.4871047],[6.4659987,35.4870962]]}},{"type":"Feature","id":490,"properties":{"insula_id":"TIMG.E-SE.I5","description":"QR-14/15, single insula (Faubourg zone)","period":"","plan_source":"Ballu Rapport 1922: 47-53; Rapport 1923: 45-46, 48-51 (with plan); Germain 1969 fig. 10 (81-87)"},"geometry":{"type":"LineString","coordinates":[[6.4658161,35.4871118],[6.4659025,35.4871062]]}},{"type":"Feature","id":491,"properties":{"insula_id":"TIMG.E-SE.I5","description":"QR-14/15, single insula (Faubourg zone)","period":"","plan_source":"Ballu Rapport 1922: 47-53; Rapport 1923: 45-46, 48-51 (with plan); Germain 1969 fig. 10 (81-87)"},"geometry":{"type":"LineString","coordinates":[[6.4657865,35.4871375],[6.4657867,35.4871321]]}},{"type":"Feature","id":492,"properties":{"insula_id":"TIMG.E-SE.I5","description":"QR-14/15, single insula (Faubourg zone)","period":"","plan_source":"Ballu Rapport 1922: 47-53; Rapport 1923: 45-46, 48-51 (with plan); Germain 1969 fig. 10 (81-87)"},"geometry":{"type":"LineString","coordinates":[[6.4657834,35.4871194],[6.4656735,35.487131]]}},{"type":"Feature","id":493,"properties":{"insula_id":"TIMG.E-SE.I5","description":"QR-14/15, single insula (Faubourg zone)","period":"","plan_source":"Ballu Rapport 1922: 47-53; Rapport 1923: 45-46, 48-51 (with plan); Germain 1969 fig. 10 (81-87)"},"geometry":{"type":"LineString","coordinates":[[6.4657834,35.4871194],[6.4657836,35.4871134]]}},{"type":"Feature","id":494,"properties":{"insula_id":"TIMG.E-SE.I5","description":"QR-14/15, single insula (Faubourg zone)","period":"","plan_source":"Ballu Rapport 1922: 47-53; Rapport 1923: 45-46, 48-51 (with plan); Germain 1969 fig. 10 (81-87)"},"geometry":{"type":"LineString","coordinates":[[6.465782,35.4871047],[6.4657793,35.4870756]]}},{"type":"Feature","id":495,"properties":{"insula_id":"TIMG.E-SE.I5","description":"QR-14/15, single insula (Faubourg zone)","period":"","plan_source":"Ballu Rapport 1922: 47-53; Rapport 1923: 45-46, 48-51 (with plan); Germain 1969 fig. 10 (81-87)"},"geometry":{"type":"LineString","coordinates":[[6.4657747,35.4870672],[6.4657714,35.4870435],[6.465779,35.4870436],[6.4657663,35.4870427],[6.4657323,35.4870449],[6.4656567,35.4870531]]}},{"type":"Feature","id":496,"properties":{"insula_id":"TIMG.E-SE.I5","description":"QR-14/15, single insula (Faubourg zone)","period":"","plan_source":"Ballu Rapport 1922: 47-53; Rapport 1923: 45-46, 48-51 (with plan); Germain 1969 fig. 10 (81-87)"},"geometry":{"type":"LineString","coordinates":[[6.4656649,35.4870826],[6.4656704,35.4871286]]}},{"type":"Feature","id":497,"properties":{"insula_id":"TIMG.E-SE.I5","description":"QR-14/15, single insula (Faubourg zone)","period":"","plan_source":"Ballu Rapport 1922: 47-53; Rapport 1923: 45-46, 48-51 (with plan); Germain 1969 fig. 10 (81-87)"},"geometry":{"type":"LineString","coordinates":[[6.4656763,35.4871462],[6.4656756,35.4871385]]}},{"type":"Feature","id":498,"properties":{"insula_id":"TIMG.E-SE.I5","description":"QR-14/15, single insula (Faubourg zone)","period":"","plan_source":"Ballu Rapport 1922: 47-53; Rapport 1923: 45-46, 48-51 (with plan); Germain 1969 fig. 10 (81-87)"},"geometry":{"type":"LineString","coordinates":[[6.4656791,35.4871675],[6.4656774,35.4871558]]}},{"type":"Feature","id":499,"properties":{"insula_id":"TIMG.E-SE.I5","description":"QR-14/15, single insula (Faubourg zone)","period":"","plan_source":"Ballu Rapport 1922: 47-53; Rapport 1923: 45-46, 48-51 (with plan); Germain 1969 fig. 10 (81-87)"},"geometry":{"type":"LineString","coordinates":[[6.4656804,35.4871732],[6.465681,35.4871786]]}},{"type":"Feature","id":500,"properties":{"insula_id":"TIMG.E-SE.I5","description":"QR-14/15, single insula (Faubourg zone)","period":"","plan_source":"Ballu Rapport 1922: 47-53; Rapport 1923: 45-46, 48-51 (with plan); Germain 1969 fig. 10 (81-87)"},"geometry":{"type":"LineString","coordinates":[[6.4656839,35.4871869],[6.4656849,35.4871917]]}},{"type":"Feature","id":501,"properties":{"insula_id":"TIMG.E-NW.I18","description":"N-17/18 (Germain 1969: 106), extramural NW; possibly collective building or baths complex (Germain 1969: 106-118)","period":"Peak Prosperity (3rd-4th c.); Late Empire restoration activity (Laghmouche 2024, Table 1)","plan_source":"Ballu Rapport 1925: 39 (plan); Germain 1969 fig. 15 (106-118); Ballu Rapport 1915 (BCTH 1916: 239-242, thermes); Rapport 1916 (BCTH 1917: 292-300)"},"geometry":{"type":"LineString","coordinates":[[6.465673,35.4840845],[6.4656794,35.4840885],[6.4656825,35.4840941],[6.4656831,35.4840991],[6.4656818,35.4841042],[6.46568,35.4841109],[6.4656772,35.4841232]]}},{"type":"Feature","id":502,"properties":{"insula_id":"TIMG.E-NW.I18","description":"N-17/18 (Germain 1969: 106), extramural NW; possibly collective building or baths complex (Germain 1969: 106-118)","period":"Peak Prosperity (3rd-4th c.); Late Empire restoration activity (Laghmouche 2024, Table 1)","plan_source":"Ballu Rapport 1925: 39 (plan); Germain 1969 fig. 15 (106-118); Ballu Rapport 1915 (BCTH 1916: 239-242, thermes); Rapport 1916 (BCTH 1917: 292-300)"},"geometry":{"type":"LineString","coordinates":[[6.4656818,35.4841042],[6.4657223,35.484109],[6.4657183,35.4841246],[6.4657148,35.4841385],[6.465708,35.4841653],[6.4657004,35.4841951],[6.4656607,35.4841888],[6.4656625,35.4841798]]}},{"type":"Feature","id":503,"properties":{"insula_id":"TIMG.E-NW.I18","description":"N-17/18 (Germain 1969: 106), extramural NW; possibly collective building or baths complex (Germain 1969: 106-118)","period":"Peak Prosperity (3rd-4th c.); Late Empire restoration activity (Laghmouche 2024, Table 1)","plan_source":"Ballu Rapport 1925: 39 (plan); Germain 1969 fig. 15 (106-118); Ballu Rapport 1915 (BCTH 1916: 239-242, thermes); Rapport 1916 (BCTH 1917: 292-300)"},"geometry":{"type":"LineString","coordinates":[[6.4657004,35.4841951],[6.4657321,35.4842014]]}},{"type":"Feature","id":504,"properties":{"insula_id":"TIMG.E-NW.I18","description":"N-17/18 (Germain 1969: 106), extramural NW; possibly collective building or baths complex (Germain 1969: 106-118)","period":"Peak Prosperity (3rd-4th c.); Late Empire restoration activity (Laghmouche 2024, Table 1)","plan_source":"Ballu Rapport 1925: 39 (plan); Germain 1969 fig. 15 (106-118); Ballu Rapport 1915 (BCTH 1916: 239-242, thermes); Rapport 1916 (BCTH 1917: 292-300)"},"geometry":{"type":"LineString","coordinates":[[6.465708,35.4841653],[6.4656675,35.4841602]]}},{"type":"Feature","id":505,"properties":{"insula_id":"TIMG.E-NW.I18","description":"N-17/18 (Germain 1969: 106), extramural NW; possibly collective building or baths complex (Germain 1969: 106-118)","period":"Peak Prosperity (3rd-4th c.); Late Empire restoration activity (Laghmouche 2024, Table 1)","plan_source":"Ballu Rapport 1925: 39 (plan); Germain 1969 fig. 15 (106-118); Ballu Rapport 1915 (BCTH 1916: 239-242, thermes); Rapport 1916 (BCTH 1917: 292-300)"},"geometry":{"type":"LineString","coordinates":[[6.4656701,35.4841452],[6.4656732,35.4841317]]}},{"type":"Feature","id":506,"properties":{"insula_id":"TIMG.E-NW.I18","description":"N-17/18 (Germain 1969: 106), extramural NW; possibly collective building or baths complex (Germain 1969: 106-118)","period":"Peak Prosperity (3rd-4th c.); Late Empire restoration activity (Laghmouche 2024, Table 1)","plan_source":"Ballu Rapport 1925: 39 (plan); Germain 1969 fig. 15 (106-118); Ballu Rapport 1915 (BCTH 1916: 239-242, thermes); Rapport 1916 (BCTH 1917: 292-300)"},"geometry":{"type":"LineString","coordinates":[[6.4657148,35.4841385],[6.4656934,35.4841353]]}},{"type":"Feature","id":507,"properties":{"insula_id":"TIMG.E-NW.I18","description":"N-17/18 (Germain 1969: 106), extramural NW; possibly collective building or baths complex (Germain 1969: 106-118)","period":"Peak Prosperity (3rd-4th c.); Late Empire restoration activity (Laghmouche 2024, Table 1)","plan_source":"Ballu Rapport 1925: 39 (plan); Germain 1969 fig. 15 (106-118); Ballu Rapport 1915 (BCTH 1916: 239-242, thermes); Rapport 1916 (BCTH 1917: 292-300)"},"geometry":{"type":"LineString","coordinates":[[6.4656732,35.4841317],[6.4656816,35.4841329]]}},{"type":"Feature","id":508,"properties":{"insula_id":"TIMG.E-NW.I18","description":"N-17/18 (Germain 1969: 106), extramural NW; possibly collective building or baths complex (Germain 1969: 106-118)","period":"Peak Prosperity (3rd-4th c.); Late Empire restoration activity (Laghmouche 2024, Table 1)","plan_source":"Ballu Rapport 1925: 39 (plan); Germain 1969 fig. 15 (106-118); Ballu Rapport 1915 (BCTH 1916: 239-242, thermes); Rapport 1916 (BCTH 1917: 292-300)"},"geometry":{"type":"LineString","coordinates":[[6.4657183,35.4841246],[6.4657476,35.4841116]]}},{"type":"Feature","id":509,"properties":{"insula_id":"TIMG.E-NW.I18","description":"N-17/18 (Germain 1969: 106), extramural NW; possibly collective building or baths complex (Germain 1969: 106-118)","period":"Peak Prosperity (3rd-4th c.); Late Empire restoration activity (Laghmouche 2024, Table 1)","plan_source":"Ballu Rapport 1925: 39 (plan); Germain 1969 fig. 15 (106-118); Ballu Rapport 1915 (BCTH 1916: 239-242, thermes); Rapport 1916 (BCTH 1917: 292-300)"},"geometry":{"type":"LineString","coordinates":[[6.4657458,35.4841209],[6.4657589,35.4841379],[6.465756,35.4841491],[6.4657426,35.4842008]]}},{"type":"Feature","id":510,"properties":{"insula_id":"TIMG.E-NW.I18","description":"N-17/18 (Germain 1969: 106), extramural NW; possibly collective building or baths complex (Germain 1969: 106-118)","period":"Peak Prosperity (3rd-4th c.); Late Empire restoration activity (Laghmouche 2024, Table 1)","plan_source":"Ballu Rapport 1925: 39 (plan); Germain 1969 fig. 15 (106-118); Ballu Rapport 1915 (BCTH 1916: 239-242, thermes); Rapport 1916 (BCTH 1917: 292-300)"},"geometry":{"type":"LineString","coordinates":[[6.465756,35.4841491],[6.4657727,35.4841521]]}},{"type":"Feature","id":511,"properties":{"insula_id":"TIMG.E-NW.I18","description":"N-17/18 (Germain 1969: 106), extramural NW; possibly collective building or baths complex (Germain 1969: 106-118)","period":"Peak Prosperity (3rd-4th c.); Late Empire restoration activity (Laghmouche 2024, Table 1)","plan_source":"Ballu Rapport 1925: 39 (plan); Germain 1969 fig. 15 (106-118); Ballu Rapport 1915 (BCTH 1916: 239-242, thermes); Rapport 1916 (BCTH 1917: 292-300)"},"geometry":{"type":"LineString","coordinates":[[6.4657833,35.4841533],[6.4658016,35.4841531]]}},{"type":"Feature","id":512,"properties":{"insula_id":"TIMG.E-NW.I18","description":"N-17/18 (Germain 1969: 106), extramural NW; possibly collective building or baths complex (Germain 1969: 106-118)","period":"Peak Prosperity (3rd-4th c.); Late Empire restoration activity (Laghmouche 2024, Table 1)","plan_source":"Ballu Rapport 1925: 39 (plan); Germain 1969 fig. 15 (106-118); Ballu Rapport 1915 (BCTH 1916: 239-242, thermes); Rapport 1916 (BCTH 1917: 292-300)"},"geometry":{"type":"LineString","coordinates":[[6.4658016,35.4841531],[6.4658039,35.484165]]}},{"type":"Feature","id":513,"properties":{"insula_id":"TIMG.E-NW.I18","description":"N-17/18 (Germain 1969: 106), extramural NW; possibly collective building or baths complex (Germain 1969: 106-118)","period":"Peak Prosperity (3rd-4th c.); Late Empire restoration activity (Laghmouche 2024, Table 1)","plan_source":"Ballu Rapport 1925: 39 (plan); Germain 1969 fig. 15 (106-118); Ballu Rapport 1915 (BCTH 1916: 239-242, thermes); Rapport 1916 (BCTH 1917: 292-300)"},"geometry":{"type":"LineString","coordinates":[[6.4658024,35.4841901],[6.4657821,35.4841841]]}},{"type":"Feature","id":514,"properties":{"insula_id":"TIMG.E-NW.I18","description":"N-17/18 (Germain 1969: 106), extramural NW; possibly collective building or baths complex (Germain 1969: 106-118)","period":"Peak Prosperity (3rd-4th c.); Late Empire restoration activity (Laghmouche 2024, Table 1)","plan_source":"Ballu Rapport 1925: 39 (plan); Germain 1969 fig. 15 (106-118); Ballu Rapport 1915 (BCTH 1916: 239-242, thermes); Rapport 1916 (BCTH 1917: 292-300)"},"geometry":{"type":"LineString","coordinates":[[6.4656938,35.484297],[6.4656356,35.4842843],[6.465619,35.4843407]]}},{"type":"Feature","id":515,"properties":{"insula_id":"TIMG.E-NW.I18","description":"N-17/18 (Germain 1969: 106), extramural NW; possibly collective building or baths complex (Germain 1969: 106-118)","period":"Peak Prosperity (3rd-4th c.); Late Empire restoration activity (Laghmouche 2024, Table 1)","plan_source":"Ballu Rapport 1925: 39 (plan); Germain 1969 fig. 15 (106-118); Ballu Rapport 1915 (BCTH 1916: 239-242, thermes); Rapport 1916 (BCTH 1917: 292-300)"},"geometry":{"type":"LineString","coordinates":[[6.4657519,35.4843721],[6.4656995,35.484362],[6.4657062,35.4843469]]}},{"type":"Feature","id":516,"properties":{"insula_id":"TIMG.E-NW.I18","description":"N-17/18 (Germain 1969: 106), extramural NW; possibly collective building or baths complex (Germain 1969: 106-118)","period":"Peak Prosperity (3rd-4th c.); Late Empire restoration activity (Laghmouche 2024, Table 1)","plan_source":"Ballu Rapport 1925: 39 (plan); Germain 1969 fig. 15 (106-118); Ballu Rapport 1915 (BCTH 1916: 239-242, thermes); Rapport 1916 (BCTH 1917: 292-300)"},"geometry":{"type":"LineString","coordinates":[[6.4655805,35.4843963],[6.4656247,35.4844049]]}},{"type":"Feature","id":517,"properties":{"insula_id":"TIMG.E-NW.I18","description":"N-17/18 (Germain 1969: 106), extramural NW; possibly collective building or baths complex (Germain 1969: 106-118)","period":"Peak Prosperity (3rd-4th c.); Late Empire restoration activity (Laghmouche 2024, Table 1)","plan_source":"Ballu Rapport 1925: 39 (plan); Germain 1969 fig. 15 (106-118); Ballu Rapport 1915 (BCTH 1916: 239-242, thermes); Rapport 1916 (BCTH 1917: 292-300)"},"geometry":{"type":"LineString","coordinates":[[6.4656365,35.4844078],[6.4656604,35.4844122]]}},{"type":"Feature","id":518,"properties":{"insula_id":"TIMG.E-NW.I18","description":"N-17/18 (Germain 1969: 106), extramural NW; possibly collective building or baths complex (Germain 1969: 106-118)","period":"Peak Prosperity (3rd-4th c.); Late Empire restoration activity (Laghmouche 2024, Table 1)","plan_source":"Ballu Rapport 1925: 39 (plan); Germain 1969 fig. 15 (106-118); Ballu Rapport 1915 (BCTH 1916: 239-242, thermes); Rapport 1916 (BCTH 1917: 292-300)"},"geometry":{"type":"LineString","coordinates":[[6.4656733,35.4844145],[6.4657329,35.4844242]]}},{"type":"Feature","id":519,"properties":{"insula_id":"TIMG.E-NW.I18","description":"N-17/18 (Germain 1969: 106), extramural NW; possibly collective building or baths complex (Germain 1969: 106-118)","period":"Peak Prosperity (3rd-4th c.); Late Empire restoration activity (Laghmouche 2024, Table 1)","plan_source":"Ballu Rapport 1925: 39 (plan); Germain 1969 fig. 15 (106-118); Ballu Rapport 1915 (BCTH 1916: 239-242, thermes); Rapport 1916 (BCTH 1917: 292-300)"},"geometry":{"type":"LineString","coordinates":[[6.4657229,35.484464],[6.4657519,35.4843721]]}},{"type":"Feature","id":520,"properties":{"insula_id":"TIMG.E-NW.I18","description":"N-17/18 (Germain 1969: 106), extramural NW; possibly collective building or baths complex (Germain 1969: 106-118)","period":"Peak Prosperity (3rd-4th c.); Late Empire restoration activity (Laghmouche 2024, Table 1)","plan_source":"Ballu Rapport 1925: 39 (plan); Germain 1969 fig. 15 (106-118); Ballu Rapport 1915 (BCTH 1916: 239-242, thermes); Rapport 1916 (BCTH 1917: 292-300)"},"geometry":{"type":"LineString","coordinates":[[6.4656964,35.4843921],[6.4657008,35.4843797],[6.4657033,35.4843725]]}},{"type":"Feature","id":521,"properties":{"insula_id":"TIMG.E-NW.I18","description":"N-17/18 (Germain 1969: 106), extramural NW; possibly collective building or baths complex (Germain 1969: 106-118)","period":"Peak Prosperity (3rd-4th c.); Late Empire restoration activity (Laghmouche 2024, Table 1)","plan_source":"Ballu Rapport 1925: 39 (plan); Germain 1969 fig. 15 (106-118); Ballu Rapport 1915 (BCTH 1916: 239-242, thermes); Rapport 1916 (BCTH 1917: 292-300)"},"geometry":{"type":"LineString","coordinates":[[6.4657008,35.4843797],[6.4656494,35.4843696]]}},{"type":"Feature","id":522,"properties":{"insula_id":"TIMG.E-NW.I18","description":"N-17/18 (Germain 1969: 106), extramural NW; possibly collective building or baths complex (Germain 1969: 106-118)","period":"Peak Prosperity (3rd-4th c.); Late Empire restoration activity (Laghmouche 2024, Table 1)","plan_source":"Ballu Rapport 1925: 39 (plan); Germain 1969 fig. 15 (106-118); Ballu Rapport 1915 (BCTH 1916: 239-242, thermes); Rapport 1916 (BCTH 1917: 292-300)"},"geometry":{"type":"LineString","coordinates":[[6.4655574,35.4842771],[6.4654461,35.4846781]]}},{"type":"Feature","id":523,"properties":{"insula_id":"TIMG.E-NW.I18","description":"N-17/18 (Germain 1969: 106), extramural NW; possibly collective building or baths complex (Germain 1969: 106-118)","period":"Peak Prosperity (3rd-4th c.); Late Empire restoration activity (Laghmouche 2024, Table 1)","plan_source":"Ballu Rapport 1925: 39 (plan); Germain 1969 fig. 15 (106-118); Ballu Rapport 1915 (BCTH 1916: 239-242, thermes); Rapport 1916 (BCTH 1917: 292-300)"},"geometry":{"type":"LineString","coordinates":[[6.4655339,35.4850099],[6.465588,35.4848752],[6.4655398,35.4848619]]}},{"type":"Feature","id":524,"properties":{"insula_id":"TIMG.E-NW.I18","description":"N-17/18 (Germain 1969: 106), extramural NW; possibly collective building or baths complex (Germain 1969: 106-118)","period":"Peak Prosperity (3rd-4th c.); Late Empire restoration activity (Laghmouche 2024, Table 1)","plan_source":"Ballu Rapport 1925: 39 (plan); Germain 1969 fig. 15 (106-118); Ballu Rapport 1915 (BCTH 1916: 239-242, thermes); Rapport 1916 (BCTH 1917: 292-300)"},"geometry":{"type":"LineString","coordinates":[[6.4655339,35.4850099],[6.465457,35.4849823],[6.4654247,35.4849708],[6.4654083,35.4849649],[6.4654074,35.4849645],[6.465383,35.4849558],[6.4653603,35.4849512]]}},{"type":"Feature","id":525,"properties":{"insula_id":"TIMG.E-NW.I18","description":"N-17/18 (Germain 1969: 106), extramural NW; possibly collective building or baths complex (Germain 1969: 106-118)","period":"Peak Prosperity (3rd-4th c.); Late Empire restoration activity (Laghmouche 2024, Table 1)","plan_source":"Ballu Rapport 1925: 39 (plan); Germain 1969 fig. 15 (106-118); Ballu Rapport 1915 (BCTH 1916: 239-242, thermes); Rapport 1916 (BCTH 1917: 292-300)"},"geometry":{"type":"LineString","coordinates":[[6.465298,35.4849093],[6.4653461,35.4849145],[6.4653788,35.4849181]]}},{"type":"Feature","id":526,"properties":{"insula_id":"TIMG.E-NW.I18","description":"N-17/18 (Germain 1969: 106), extramural NW; possibly collective building or baths complex (Germain 1969: 106-118)","period":"Peak Prosperity (3rd-4th c.); Late Empire restoration activity (Laghmouche 2024, Table 1)","plan_source":"Ballu Rapport 1925: 39 (plan); Germain 1969 fig. 15 (106-118); Ballu Rapport 1915 (BCTH 1916: 239-242, thermes); Rapport 1916 (BCTH 1917: 292-300)"},"geometry":{"type":"LineString","coordinates":[[6.4653447,35.4849485],[6.4653279,35.4849448]]}},{"type":"Feature","id":527,"properties":{"insula_id":"TIMG.E-NW.I18","description":"N-17/18 (Germain 1969: 106), extramural NW; possibly collective building or baths complex (Germain 1969: 106-118)","period":"Peak Prosperity (3rd-4th c.); Late Empire restoration activity (Laghmouche 2024, Table 1)","plan_source":"Ballu Rapport 1925: 39 (plan); Germain 1969 fig. 15 (106-118); Ballu Rapport 1915 (BCTH 1916: 239-242, thermes); Rapport 1916 (BCTH 1917: 292-300)"},"geometry":{"type":"LineString","coordinates":[[6.4654875,35.4849028],[6.4654999,35.4848762],[6.4654757,35.4848674],[6.4654797,35.4848562],[6.4654825,35.4848446],[6.4654782,35.4848347],[6.4654696,35.4848297],[6.4654553,35.4848254],[6.4654457,35.4848288],[6.4654434,35.4848341],[6.4654376,35.484849],[6.465433,35.4848618]]}},{"type":"Feature","id":528,"properties":{"insula_id":"TIMG.E-NW.I18","description":"N-17/18 (Germain 1969: 106), extramural NW; possibly collective building or baths complex (Germain 1969: 106-118)","period":"Peak Prosperity (3rd-4th c.); Late Empire restoration activity (Laghmouche 2024, Table 1)","plan_source":"Ballu Rapport 1925: 39 (plan); Germain 1969 fig. 15 (106-118); Ballu Rapport 1915 (BCTH 1916: 239-242, thermes); Rapport 1916 (BCTH 1917: 292-300)"},"geometry":{"type":"LineString","coordinates":[[6.465433,35.4848618],[6.4654385,35.4848695],[6.4654607,35.4848762],[6.4654757,35.4848674]]}},{"type":"Feature","id":529,"properties":{"insula_id":"TIMG.E-NW.I18","description":"N-17/18 (Germain 1969: 106), extramural NW; possibly collective building or baths complex (Germain 1969: 106-118)","period":"Peak Prosperity (3rd-4th c.); Late Empire restoration activity (Laghmouche 2024, Table 1)","plan_source":"Ballu Rapport 1925: 39 (plan); Germain 1969 fig. 15 (106-118); Ballu Rapport 1915 (BCTH 1916: 239-242, thermes); Rapport 1916 (BCTH 1917: 292-300)"},"geometry":{"type":"LineString","coordinates":[[6.4654763,35.4849253],[6.4654678,35.4849529]]}},{"type":"Feature","id":530,"properties":{"insula_id":"TIMG.E-NW.I18","description":"N-17/18 (Germain 1969: 106), extramural NW; possibly collective building or baths complex (Germain 1969: 106-118)","period":"Peak Prosperity (3rd-4th c.); Late Empire restoration activity (Laghmouche 2024, Table 1)","plan_source":"Ballu Rapport 1925: 39 (plan); Germain 1969 fig. 15 (106-118); Ballu Rapport 1915 (BCTH 1916: 239-242, thermes); Rapport 1916 (BCTH 1917: 292-300)"},"geometry":{"type":"LineString","coordinates":[[6.465457,35.4849823],[6.4654628,35.4849704],[6.4654628,35.4849704]]}},{"type":"Feature","id":531,"properties":{"insula_id":"TIMG.E-NW.I18","description":"N-17/18 (Germain 1969: 106), extramural NW; possibly collective building or baths complex (Germain 1969: 106-118)","period":"Peak Prosperity (3rd-4th c.); Late Empire restoration activity (Laghmouche 2024, Table 1)","plan_source":"Ballu Rapport 1925: 39 (plan); Germain 1969 fig. 15 (106-118); Ballu Rapport 1915 (BCTH 1916: 239-242, thermes); Rapport 1916 (BCTH 1917: 292-300)"},"geometry":{"type":"LineString","coordinates":[[6.465298,35.4849093],[6.4653039,35.484896]]}},{"type":"Feature","id":532,"properties":{"insula_id":"TIMG.E-NW.I18","description":"N-17/18 (Germain 1969: 106), extramural NW; possibly collective building or baths complex (Germain 1969: 106-118)","period":"Peak Prosperity (3rd-4th c.); Late Empire restoration activity (Laghmouche 2024, Table 1)","plan_source":"Ballu Rapport 1925: 39 (plan); Germain 1969 fig. 15 (106-118); Ballu Rapport 1915 (BCTH 1916: 239-242, thermes); Rapport 1916 (BCTH 1917: 292-300)"},"geometry":{"type":"LineString","coordinates":[[6.4654443,35.4849588],[6.4654348,35.4849638],[6.4654247,35.4849708],[6.4654083,35.4849649],[6.4654074,35.4849645],[6.4654048,35.4849547],[6.4654031,35.4849442],[6.4654054,35.4849383],[6.4654111,35.4849366],[6.4654241,35.4849399],[6.465434,35.4849438],[6.4654411,35.4849442],[6.4654483,35.4849476],[6.4654492,35.4849544],[6.4654449,35.4849593]]}},{"type":"Feature","id":533,"properties":{"insula_id":"TIMG.E-NW.I18","description":"N-17/18 (Germain 1969: 106), extramural NW; possibly collective building or baths complex (Germain 1969: 106-118)","period":"Peak Prosperity (3rd-4th c.); Late Empire restoration activity (Laghmouche 2024, Table 1)","plan_source":"Ballu Rapport 1925: 39 (plan); Germain 1969 fig. 15 (106-118); Ballu Rapport 1915 (BCTH 1916: 239-242, thermes); Rapport 1916 (BCTH 1917: 292-300)"},"geometry":{"type":"LineString","coordinates":[[6.4653835,35.4849232],[6.46538,35.4849317],[6.4653963,35.4849355]]}},{"type":"Feature","id":534,"properties":{"insula_id":"TIMG.E-NW.I18","description":"N-17/18 (Germain 1969: 106), extramural NW; possibly collective building or baths complex (Germain 1969: 106-118)","period":"Peak Prosperity (3rd-4th c.); Late Empire restoration activity (Laghmouche 2024, Table 1)","plan_source":"Ballu Rapport 1925: 39 (plan); Germain 1969 fig. 15 (106-118); Ballu Rapport 1915 (BCTH 1916: 239-242, thermes); Rapport 1916 (BCTH 1917: 292-300)"},"geometry":{"type":"LineString","coordinates":[[6.4656571,35.4847175],[6.4655959,35.4847059],[6.4655305,35.4846935],[6.4654986,35.4846875]]}},{"type":"Feature","id":535,"properties":{"insula_id":"TIMG.E-NW.I18","description":"N-17/18 (Germain 1969: 106), extramural NW; possibly collective building or baths complex (Germain 1969: 106-118)","period":"Peak Prosperity (3rd-4th c.); Late Empire restoration activity (Laghmouche 2024, Table 1)","plan_source":"Ballu Rapport 1925: 39 (plan); Germain 1969 fig. 15 (106-118); Ballu Rapport 1915 (BCTH 1916: 239-242, thermes); Rapport 1916 (BCTH 1917: 292-300)"},"geometry":{"type":"LineString","coordinates":[[6.4656571,35.4847175],[6.4656625,35.4846925]]}},{"type":"Feature","id":536,"properties":{"insula_id":"TIMG.E-NW.I18","description":"N-17/18 (Germain 1969: 106), extramural NW; possibly collective building or baths complex (Germain 1969: 106-118)","period":"Peak Prosperity (3rd-4th c.); Late Empire restoration activity (Laghmouche 2024, Table 1)","plan_source":"Ballu Rapport 1925: 39 (plan); Germain 1969 fig. 15 (106-118); Ballu Rapport 1915 (BCTH 1916: 239-242, thermes); Rapport 1916 (BCTH 1917: 292-300)"},"geometry":{"type":"LineString","coordinates":[[6.4656625,35.4846925],[6.4656041,35.4846804],[6.4656036,35.4846803],[6.4655817,35.4846758]]}},{"type":"Feature","id":537,"properties":{"insula_id":"TIMG.E-NW.I18","description":"N-17/18 (Germain 1969: 106), extramural NW; possibly collective building or baths complex (Germain 1969: 106-118)","period":"Peak Prosperity (3rd-4th c.); Late Empire restoration activity (Laghmouche 2024, Table 1)","plan_source":"Ballu Rapport 1925: 39 (plan); Germain 1969 fig. 15 (106-118); Ballu Rapport 1915 (BCTH 1916: 239-242, thermes); Rapport 1916 (BCTH 1917: 292-300)"},"geometry":{"type":"LineString","coordinates":[[6.4656041,35.4846804],[6.4656036,35.4846803]]}},{"type":"Feature","id":538,"properties":{"insula_id":"TIMG.E-NW.I18","description":"N-17/18 (Germain 1969: 106), extramural NW; possibly collective building or baths complex (Germain 1969: 106-118)","period":"Peak Prosperity (3rd-4th c.); Late Empire restoration activity (Laghmouche 2024, Table 1)","plan_source":"Ballu Rapport 1925: 39 (plan); Germain 1969 fig. 15 (106-118); Ballu Rapport 1915 (BCTH 1916: 239-242, thermes); Rapport 1916 (BCTH 1917: 292-300)"},"geometry":{"type":"LineString","coordinates":[[6.4655959,35.4847059],[6.4656008,35.4846915]]}},{"type":"Feature","id":539,"properties":{"insula_id":"TIMG.E-NW.I18","description":"N-17/18 (Germain 1969: 106), extramural NW; possibly collective building or baths complex (Germain 1969: 106-118)","period":"Peak Prosperity (3rd-4th c.); Late Empire restoration activity (Laghmouche 2024, Table 1)","plan_source":"Ballu Rapport 1925: 39 (plan); Germain 1969 fig. 15 (106-118); Ballu Rapport 1915 (BCTH 1916: 239-242, thermes); Rapport 1916 (BCTH 1917: 292-300)"},"geometry":{"type":"LineString","coordinates":[[6.4656024,35.4846852],[6.4656041,35.4846804]]}},{"type":"Feature","id":540,"properties":{"insula_id":"TIMG.E-NW.I18","description":"N-17/18 (Germain 1969: 106), extramural NW; possibly collective building or baths complex (Germain 1969: 106-118)","period":"Peak Prosperity (3rd-4th c.); Late Empire restoration activity (Laghmouche 2024, Table 1)","plan_source":"Ballu Rapport 1925: 39 (plan); Germain 1969 fig. 15 (106-118); Ballu Rapport 1915 (BCTH 1916: 239-242, thermes); Rapport 1916 (BCTH 1917: 292-300)"},"geometry":{"type":"LineString","coordinates":[[6.4655652,35.4846724],[6.4655391,35.4846677],[6.4655357,35.4846785]]}},{"type":"Feature","id":541,"properties":{"insula_id":"TIMG.E-NW.I18","description":"N-17/18 (Germain 1969: 106), extramural NW; possibly collective building or baths complex (Germain 1969: 106-118)","period":"Peak Prosperity (3rd-4th c.); Late Empire restoration activity (Laghmouche 2024, Table 1)","plan_source":"Ballu Rapport 1925: 39 (plan); Germain 1969 fig. 15 (106-118); Ballu Rapport 1915 (BCTH 1916: 239-242, thermes); Rapport 1916 (BCTH 1917: 292-300)"},"geometry":{"type":"LineString","coordinates":[[6.4655305,35.4846935],[6.465533,35.4846863]]}},{"type":"Feature","id":542,"properties":{"insula_id":"TIMG.E-NW.I18","description":"N-17/18 (Germain 1969: 106), extramural NW; possibly collective building or baths complex (Germain 1969: 106-118)","period":"Peak Prosperity (3rd-4th c.); Late Empire restoration activity (Laghmouche 2024, Table 1)","plan_source":"Ballu Rapport 1925: 39 (plan); Germain 1969 fig. 15 (106-118); Ballu Rapport 1915 (BCTH 1916: 239-242, thermes); Rapport 1916 (BCTH 1917: 292-300)"},"geometry":{"type":"LineString","coordinates":[[6.4654986,35.4846875],[6.4655027,35.4846736]]}},{"type":"Feature","id":543,"properties":{"insula_id":"TIMG.E-NW.I18","description":"N-17/18 (Germain 1969: 106), extramural NW; possibly collective building or baths complex (Germain 1969: 106-118)","period":"Peak Prosperity (3rd-4th c.); Late Empire restoration activity (Laghmouche 2024, Table 1)","plan_source":"Ballu Rapport 1925: 39 (plan); Germain 1969 fig. 15 (106-118); Ballu Rapport 1915 (BCTH 1916: 239-242, thermes); Rapport 1916 (BCTH 1917: 292-300)"},"geometry":{"type":"LineString","coordinates":[[6.4655033,35.4846622],[6.4655179,35.4846509],[6.4655106,35.4846432],[6.4655106,35.4846432]]}},{"type":"Feature","id":544,"properties":{"insula_id":"TIMG.E-NW.I18","description":"N-17/18 (Germain 1969: 106), extramural NW; possibly collective building or baths complex (Germain 1969: 106-118)","period":"Peak Prosperity (3rd-4th c.); Late Empire restoration activity (Laghmouche 2024, Table 1)","plan_source":"Ballu Rapport 1925: 39 (plan); Germain 1969 fig. 15 (106-118); Ballu Rapport 1915 (BCTH 1916: 239-242, thermes); Rapport 1916 (BCTH 1917: 292-300)"},"geometry":{"type":"LineString","coordinates":[[6.4655055,35.484637],[6.4654933,35.4846344]]}},{"type":"Feature","id":545,"properties":{"insula_id":"TIMG.E-NW.I18","description":"N-17/18 (Germain 1969: 106), extramural NW; possibly collective building or baths complex (Germain 1969: 106-118)","period":"Peak Prosperity (3rd-4th c.); Late Empire restoration activity (Laghmouche 2024, Table 1)","plan_source":"Ballu Rapport 1925: 39 (plan); Germain 1969 fig. 15 (106-118); Ballu Rapport 1915 (BCTH 1916: 239-242, thermes); Rapport 1916 (BCTH 1917: 292-300)"},"geometry":{"type":"LineString","coordinates":[[6.4655275,35.4846492],[6.4655446,35.4846525]]}},{"type":"Feature","id":546,"properties":{"insula_id":"TIMG.E-NW.I18","description":"N-17/18 (Germain 1969: 106), extramural NW; possibly collective building or baths complex (Germain 1969: 106-118)","period":"Peak Prosperity (3rd-4th c.); Late Empire restoration activity (Laghmouche 2024, Table 1)","plan_source":"Ballu Rapport 1925: 39 (plan); Germain 1969 fig. 15 (106-118); Ballu Rapport 1915 (BCTH 1916: 239-242, thermes); Rapport 1916 (BCTH 1917: 292-300)"},"geometry":{"type":"LineString","coordinates":[[6.4655446,35.4846525],[6.4655471,35.4846453]]}},{"type":"Feature","id":547,"properties":{"insula_id":"TIMG.E-NW.I18","description":"N-17/18 (Germain 1969: 106), extramural NW; possibly collective building or baths complex (Germain 1969: 106-118)","period":"Peak Prosperity (3rd-4th c.); Late Empire restoration activity (Laghmouche 2024, Table 1)","plan_source":"Ballu Rapport 1925: 39 (plan); Germain 1969 fig. 15 (106-118); Ballu Rapport 1915 (BCTH 1916: 239-242, thermes); Rapport 1916 (BCTH 1917: 292-300)"},"geometry":{"type":"LineString","coordinates":[[6.4656793,35.484632],[6.4656877,35.4846006]]}},{"type":"Feature","id":548,"properties":{"insula_id":"TIMG.E-NW.I18","description":"N-17/18 (Germain 1969: 106), extramural NW; possibly collective building or baths complex (Germain 1969: 106-118)","period":"Peak Prosperity (3rd-4th c.); Late Empire restoration activity (Laghmouche 2024, Table 1)","plan_source":"Ballu Rapport 1925: 39 (plan); Germain 1969 fig. 15 (106-118); Ballu Rapport 1915 (BCTH 1916: 239-242, thermes); Rapport 1916 (BCTH 1917: 292-300)"},"geometry":{"type":"LineString","coordinates":[[6.4655132,35.4846305],[6.4655302,35.4845611],[6.4655451,35.4845635]]}},{"type":"Feature","id":549,"properties":{"insula_id":"TIMG.E-NW.I18","description":"N-17/18 (Germain 1969: 106), extramural NW; possibly collective building or baths complex (Germain 1969: 106-118)","period":"Peak Prosperity (3rd-4th c.); Late Empire restoration activity (Laghmouche 2024, Table 1)","plan_source":"Ballu Rapport 1925: 39 (plan); Germain 1969 fig. 15 (106-118); Ballu Rapport 1915 (BCTH 1916: 239-242, thermes); Rapport 1916 (BCTH 1917: 292-300)"},"geometry":{"type":"LineString","coordinates":[[6.4655541,35.4845639],[6.4656246,35.4845753]]}},{"type":"Feature","id":550,"properties":{"insula_id":"TIMG.E-NW.I18","description":"N-17/18 (Germain 1969: 106), extramural NW; possibly collective building or baths complex (Germain 1969: 106-118)","period":"Peak Prosperity (3rd-4th c.); Late Empire restoration activity (Laghmouche 2024, Table 1)","plan_source":"Ballu Rapport 1925: 39 (plan); Germain 1969 fig. 15 (106-118); Ballu Rapport 1915 (BCTH 1916: 239-242, thermes); Rapport 1916 (BCTH 1917: 292-300)"},"geometry":{"type":"LineString","coordinates":[[6.4655434,35.4845231],[6.4655401,35.4845347]]}},{"type":"Feature","id":551,"properties":{"insula_id":"TIMG.E-NW.I18","description":"N-17/18 (Germain 1969: 106), extramural NW; possibly collective building or baths complex (Germain 1969: 106-118)","period":"Peak Prosperity (3rd-4th c.); Late Empire restoration activity (Laghmouche 2024, Table 1)","plan_source":"Ballu Rapport 1925: 39 (plan); Germain 1969 fig. 15 (106-118); Ballu Rapport 1915 (BCTH 1916: 239-242, thermes); Rapport 1916 (BCTH 1917: 292-300)"},"geometry":{"type":"LineString","coordinates":[[6.4655401,35.4845347],[6.4655828,35.4845419],[6.4655943,35.4845439]]}},{"type":"Feature","id":552,"properties":{"insula_id":"TIMG.E-NW.I18","description":"N-17/18 (Germain 1969: 106), extramural NW; possibly collective building or baths complex (Germain 1969: 106-118)","period":"Peak Prosperity (3rd-4th c.); Late Empire restoration activity (Laghmouche 2024, Table 1)","plan_source":"Ballu Rapport 1925: 39 (plan); Germain 1969 fig. 15 (106-118); Ballu Rapport 1915 (BCTH 1916: 239-242, thermes); Rapport 1916 (BCTH 1917: 292-300)"},"geometry":{"type":"LineString","coordinates":[[6.4656084,35.4845458],[6.4656511,35.4845536]]}},{"type":"Feature","id":553,"properties":{"insula_id":"TIMG.E-NW.I18","description":"N-17/18 (Germain 1969: 106), extramural NW; possibly collective building or baths complex (Germain 1969: 106-118)","period":"Peak Prosperity (3rd-4th c.); Late Empire restoration activity (Laghmouche 2024, Table 1)","plan_source":"Ballu Rapport 1925: 39 (plan); Germain 1969 fig. 15 (106-118); Ballu Rapport 1915 (BCTH 1916: 239-242, thermes); Rapport 1916 (BCTH 1917: 292-300)"},"geometry":{"type":"LineString","coordinates":[[6.4656835,35.4845939],[6.4656943,35.4845871]]}},{"type":"Feature","id":554,"properties":{"insula_id":"TIMG.E-NW.I18","description":"N-17/18 (Germain 1969: 106), extramural NW; possibly collective building or baths complex (Germain 1969: 106-118)","period":"Peak Prosperity (3rd-4th c.); Late Empire restoration activity (Laghmouche 2024, Table 1)","plan_source":"Ballu Rapport 1925: 39 (plan); Germain 1969 fig. 15 (106-118); Ballu Rapport 1915 (BCTH 1916: 239-242, thermes); Rapport 1916 (BCTH 1917: 292-300)"},"geometry":{"type":"LineString","coordinates":[[6.4656922,35.4845796],[6.4657107,35.4845222]]}},{"type":"Feature","id":555,"properties":{"insula_id":"TIMG.E-NW.I18","description":"N-17/18 (Germain 1969: 106), extramural NW; possibly collective building or baths complex (Germain 1969: 106-118)","period":"Peak Prosperity (3rd-4th c.); Late Empire restoration activity (Laghmouche 2024, Table 1)","plan_source":"Ballu Rapport 1925: 39 (plan); Germain 1969 fig. 15 (106-118); Ballu Rapport 1915 (BCTH 1916: 239-242, thermes); Rapport 1916 (BCTH 1917: 292-300)"},"geometry":{"type":"LineString","coordinates":[[6.4655828,35.4845419],[6.4655922,35.4845248]]}},{"type":"Feature","id":556,"properties":{"insula_id":"TIMG.E-NW.I18","description":"N-17/18 (Germain 1969: 106), extramural NW; possibly collective building or baths complex (Germain 1969: 106-118)","period":"Peak Prosperity (3rd-4th c.); Late Empire restoration activity (Laghmouche 2024, Table 1)","plan_source":"Ballu Rapport 1925: 39 (plan); Germain 1969 fig. 15 (106-118); Ballu Rapport 1915 (BCTH 1916: 239-242, thermes); Rapport 1916 (BCTH 1917: 292-300)"},"geometry":{"type":"LineString","coordinates":[[6.4655634,35.4845294],[6.4655716,35.4845182]]}},{"type":"Feature","id":557,"properties":{"insula_id":"TIMG.E-NW.I18","description":"N-17/18 (Germain 1969: 106), extramural NW; possibly collective building or baths complex (Germain 1969: 106-118)","period":"Peak Prosperity (3rd-4th c.); Late Empire restoration activity (Laghmouche 2024, Table 1)","plan_source":"Ballu Rapport 1925: 39 (plan); Germain 1969 fig. 15 (106-118); Ballu Rapport 1915 (BCTH 1916: 239-242, thermes); Rapport 1916 (BCTH 1917: 292-300)"},"geometry":{"type":"LineString","coordinates":[[6.4656084,35.4845458],[6.4656164,35.4845287]]}},{"type":"Feature","id":558,"properties":{"insula_id":"TIMG.E-NW.I18","description":"N-17/18 (Germain 1969: 106), extramural NW; possibly collective building or baths complex (Germain 1969: 106-118)","period":"Peak Prosperity (3rd-4th c.); Late Empire restoration activity (Laghmouche 2024, Table 1)","plan_source":"Ballu Rapport 1925: 39 (plan); Germain 1969 fig. 15 (106-118); Ballu Rapport 1915 (BCTH 1916: 239-242, thermes); Rapport 1916 (BCTH 1917: 292-300)"},"geometry":{"type":"LineString","coordinates":[[6.4656556,35.4845529],[6.4656594,35.4845442]]}},{"type":"Feature","id":559,"properties":{"insula_id":"TIMG.E-NW.I18","description":"N-17/18 (Germain 1969: 106), extramural NW; possibly collective building or baths complex (Germain 1969: 106-118)","period":"Peak Prosperity (3rd-4th c.); Late Empire restoration activity (Laghmouche 2024, Table 1)","plan_source":"Ballu Rapport 1925: 39 (plan); Germain 1969 fig. 15 (106-118); Ballu Rapport 1915 (BCTH 1916: 239-242, thermes); Rapport 1916 (BCTH 1917: 292-300)"},"geometry":{"type":"LineString","coordinates":[[6.4656626,35.4845242],[6.4656682,35.4845119]]}},{"type":"Feature","id":560,"properties":{"insula_id":"TIMG.E-NW.I18","description":"N-17/18 (Germain 1969: 106), extramural NW; possibly collective building or baths complex (Germain 1969: 106-118)","period":"Peak Prosperity (3rd-4th c.); Late Empire restoration activity (Laghmouche 2024, Table 1)","plan_source":"Ballu Rapport 1925: 39 (plan); Germain 1969 fig. 15 (106-118); Ballu Rapport 1915 (BCTH 1916: 239-242, thermes); Rapport 1916 (BCTH 1917: 292-300)"},"geometry":{"type":"LineString","coordinates":[[6.4655942,35.4845067],[6.4655969,35.4844976]]}},{"type":"Feature","id":561,"properties":{"insula_id":"TIMG.E-NW.I18","description":"N-17/18 (Germain 1969: 106), extramural NW; possibly collective building or baths complex (Germain 1969: 106-118)","period":"Peak Prosperity (3rd-4th c.); Late Empire restoration activity (Laghmouche 2024, Table 1)","plan_source":"Ballu Rapport 1925: 39 (plan); Germain 1969 fig. 15 (106-118); Ballu Rapport 1915 (BCTH 1916: 239-242, thermes); Rapport 1916 (BCTH 1917: 292-300)"},"geometry":{"type":"LineString","coordinates":[[6.4656682,35.4845119],[6.4656259,35.4845035],[6.4655506,35.4844886],[6.465554,35.4844774]]}},{"type":"Feature","id":562,"properties":{"insula_id":"TIMG.E-NW.I18","description":"N-17/18 (Germain 1969: 106), extramural NW; possibly collective building or baths complex (Germain 1969: 106-118)","period":"Peak Prosperity (3rd-4th c.); Late Empire restoration activity (Laghmouche 2024, Table 1)","plan_source":"Ballu Rapport 1925: 39 (plan); Germain 1969 fig. 15 (106-118); Ballu Rapport 1915 (BCTH 1916: 239-242, thermes); Rapport 1916 (BCTH 1917: 292-300)"},"geometry":{"type":"LineString","coordinates":[[6.465549,35.4844929],[6.4655469,35.4845024]]}},{"type":"Feature","id":563,"properties":{"insula_id":"TIMG.E-NW.I18","description":"N-17/18 (Germain 1969: 106), extramural NW; possibly collective building or baths complex (Germain 1969: 106-118)","period":"Peak Prosperity (3rd-4th c.); Late Empire restoration activity (Laghmouche 2024, Table 1)","plan_source":"Ballu Rapport 1925: 39 (plan); Germain 1969 fig. 15 (106-118); Ballu Rapport 1915 (BCTH 1916: 239-242, thermes); Rapport 1916 (BCTH 1917: 292-300)"},"geometry":{"type":"LineString","coordinates":[[6.4656215,35.4845149],[6.4656259,35.4845035]]}},{"type":"Feature","id":564,"properties":{"insula_id":"TIMG.E-NW.I18","description":"N-17/18 (Germain 1969: 106), extramural NW; possibly collective building or baths complex (Germain 1969: 106-118)","period":"Peak Prosperity (3rd-4th c.); Late Empire restoration activity (Laghmouche 2024, Table 1)","plan_source":"Ballu Rapport 1925: 39 (plan); Germain 1969 fig. 15 (106-118); Ballu Rapport 1915 (BCTH 1916: 239-242, thermes); Rapport 1916 (BCTH 1917: 292-300)"},"geometry":{"type":"LineString","coordinates":[[6.4656682,35.4845119],[6.4657107,35.4845222]]}},{"type":"Feature","id":565,"properties":{"insula_id":"TIMG.E-NW.I18","description":"N-17/18 (Germain 1969: 106), extramural NW; possibly collective building or baths complex (Germain 1969: 106-118)","period":"Peak Prosperity (3rd-4th c.); Late Empire restoration activity (Laghmouche 2024, Table 1)","plan_source":"Ballu Rapport 1925: 39 (plan); Germain 1969 fig. 15 (106-118); Ballu Rapport 1915 (BCTH 1916: 239-242, thermes); Rapport 1916 (BCTH 1917: 292-300)"},"geometry":{"type":"LineString","coordinates":[[6.4655588,35.4844643],[6.4655649,35.4844446]]}},{"type":"Feature","id":566,"properties":{"insula_id":"TIMG.E-NW.I18","description":"N-17/18 (Germain 1969: 106), extramural NW; possibly collective building or baths complex (Germain 1969: 106-118)","period":"Peak Prosperity (3rd-4th c.); Late Empire restoration activity (Laghmouche 2024, Table 1)","plan_source":"Ballu Rapport 1925: 39 (plan); Germain 1969 fig. 15 (106-118); Ballu Rapport 1915 (BCTH 1916: 239-242, thermes); Rapport 1916 (BCTH 1917: 292-300)"},"geometry":{"type":"LineString","coordinates":[[6.465568,35.4844326],[6.4655708,35.4844207]]}},{"type":"Feature","id":567,"properties":{"insula_id":"TIMG.E-NW.I18","description":"N-17/18 (Germain 1969: 106), extramural NW; possibly collective building or baths complex (Germain 1969: 106-118)","period":"Peak Prosperity (3rd-4th c.); Late Empire restoration activity (Laghmouche 2024, Table 1)","plan_source":"Ballu Rapport 1925: 39 (plan); Germain 1969 fig. 15 (106-118); Ballu Rapport 1915 (BCTH 1916: 239-242, thermes); Rapport 1916 (BCTH 1917: 292-300)"},"geometry":{"type":"LineString","coordinates":[[6.4657107,35.4845222],[6.4657229,35.484464]]}},{"type":"Feature","id":568,"properties":{"insula_id":"TIMG.E-NW.I18","description":"N-17/18 (Germain 1969: 106), extramural NW; possibly collective building or baths complex (Germain 1969: 106-118)","period":"Peak Prosperity (3rd-4th c.); Late Empire restoration activity (Laghmouche 2024, Table 1)","plan_source":"Ballu Rapport 1925: 39 (plan); Germain 1969 fig. 15 (106-118); Ballu Rapport 1915 (BCTH 1916: 239-242, thermes); Rapport 1916 (BCTH 1917: 292-300)"},"geometry":{"type":"LineString","coordinates":[[6.4655896,35.4843398],[6.4656181,35.4843467]]}},{"type":"Feature","id":569,"properties":{"insula_id":"TIMG.E-NW.I18","description":"N-17/18 (Germain 1969: 106), extramural NW; possibly collective building or baths complex (Germain 1969: 106-118)","period":"Peak Prosperity (3rd-4th c.); Late Empire restoration activity (Laghmouche 2024, Table 1)","plan_source":"Ballu Rapport 1925: 39 (plan); Germain 1969 fig. 15 (106-118); Ballu Rapport 1915 (BCTH 1916: 239-242, thermes); Rapport 1916 (BCTH 1917: 292-300)"},"geometry":{"type":"LineString","coordinates":[[6.4655848,35.4843294],[6.4655913,35.4843079],[6.4656011,35.4842918],[6.465607,35.4842911],[6.4656085,35.4842784]]}},{"type":"Feature","id":570,"properties":{"insula_id":"TIMG.E-NW.I18","description":"N-17/18 (Germain 1969: 106), extramural NW; possibly collective building or baths complex (Germain 1969: 106-118)","period":"Peak Prosperity (3rd-4th c.); Late Empire restoration activity (Laghmouche 2024, Table 1)","plan_source":"Ballu Rapport 1925: 39 (plan); Germain 1969 fig. 15 (106-118); Ballu Rapport 1915 (BCTH 1916: 239-242, thermes); Rapport 1916 (BCTH 1917: 292-300)"},"geometry":{"type":"LineString","coordinates":[[6.4655912,35.4842822],[6.4655736,35.4842771]]}},{"type":"Feature","id":571,"properties":{"insula_id":"TIMG.E-NW.I18","description":"N-17/18 (Germain 1969: 106), extramural NW; possibly collective building or baths complex (Germain 1969: 106-118)","period":"Peak Prosperity (3rd-4th c.); Late Empire restoration activity (Laghmouche 2024, Table 1)","plan_source":"Ballu Rapport 1925: 39 (plan); Germain 1969 fig. 15 (106-118); Ballu Rapport 1915 (BCTH 1916: 239-242, thermes); Rapport 1916 (BCTH 1917: 292-300)"},"geometry":{"type":"LineString","coordinates":[[6.4655738,35.4844027],[6.4655861,35.4843591],[6.4656271,35.484367]]}},{"type":"Feature","id":572,"properties":{"insula_id":"TIMG.E-NW.I18","description":"N-17/18 (Germain 1969: 106), extramural NW; possibly collective building or baths complex (Germain 1969: 106-118)","period":"Peak Prosperity (3rd-4th c.); Late Empire restoration activity (Laghmouche 2024, Table 1)","plan_source":"Ballu Rapport 1925: 39 (plan); Germain 1969 fig. 15 (106-118); Ballu Rapport 1915 (BCTH 1916: 239-242, thermes); Rapport 1916 (BCTH 1917: 292-300)"},"geometry":{"type":"LineString","coordinates":[[6.465629,35.4843812],[6.4656332,35.4843704]]}},{"type":"Feature","id":573,"properties":{"insula_id":"TIMG.E-NW.I18","description":"N-17/18 (Germain 1969: 106), extramural NW; possibly collective building or baths complex (Germain 1969: 106-118)","period":"Peak Prosperity (3rd-4th c.); Late Empire restoration activity (Laghmouche 2024, Table 1)","plan_source":"Ballu Rapport 1925: 39 (plan); Germain 1969 fig. 15 (106-118); Ballu Rapport 1915 (BCTH 1916: 239-242, thermes); Rapport 1916 (BCTH 1917: 292-300)"},"geometry":{"type":"LineString","coordinates":[[6.4657079,35.484338],[6.465719,35.4843045]]}},{"type":"Feature","id":574,"properties":{"insula_id":"TIMG.E-NW.I18","description":"N-17/18 (Germain 1969: 106), extramural NW; possibly collective building or baths complex (Germain 1969: 106-118)","period":"Peak Prosperity (3rd-4th c.); Late Empire restoration activity (Laghmouche 2024, Table 1)","plan_source":"Ballu Rapport 1925: 39 (plan); Germain 1969 fig. 15 (106-118); Ballu Rapport 1915 (BCTH 1916: 239-242, thermes); Rapport 1916 (BCTH 1917: 292-300)"},"geometry":{"type":"LineString","coordinates":[[6.4657391,35.4842339],[6.4657416,35.4842277]]}},{"type":"Feature","id":575,"properties":{"insula_id":"TIMG.E-NW.I18","description":"N-17/18 (Germain 1969: 106), extramural NW; possibly collective building or baths complex (Germain 1969: 106-118)","period":"Peak Prosperity (3rd-4th c.); Late Empire restoration activity (Laghmouche 2024, Table 1)","plan_source":"Ballu Rapport 1925: 39 (plan); Germain 1969 fig. 15 (106-118); Ballu Rapport 1915 (BCTH 1916: 239-242, thermes); Rapport 1916 (BCTH 1917: 292-300)"},"geometry":{"type":"LineString","coordinates":[[6.465674,35.4846571],[6.465677,35.4846438]]}},{"type":"Feature","id":576,"properties":{"insula_id":"TIMG.E-NW.I18","description":"N-17/18 (Germain 1969: 106), extramural NW; possibly collective building or baths complex (Germain 1969: 106-118)","period":"Peak Prosperity (3rd-4th c.); Late Empire restoration activity (Laghmouche 2024, Table 1)","plan_source":"Ballu Rapport 1925: 39 (plan); Germain 1969 fig. 15 (106-118); Ballu Rapport 1915 (BCTH 1916: 239-242, thermes); Rapport 1916 (BCTH 1917: 292-300)"},"geometry":{"type":"LineString","coordinates":[[6.4656625,35.4846925],[6.4656703,35.4846665]]}},{"type":"Feature","id":577,"properties":{"insula_id":"TIMG.E-NW.I18","description":"N-17/18 (Germain 1969: 106), extramural NW; possibly collective building or baths complex (Germain 1969: 106-118)","period":"Peak Prosperity (3rd-4th c.); Late Empire restoration activity (Laghmouche 2024, Table 1)","plan_source":"Ballu Rapport 1925: 39 (plan); Germain 1969 fig. 15 (106-118); Ballu Rapport 1915 (BCTH 1916: 239-242, thermes); Rapport 1916 (BCTH 1917: 292-300)"},"geometry":{"type":"LineString","coordinates":[[6.4654536,35.4848137],[6.4654631,35.4848171],[6.4655601,35.4848519]]}},{"type":"Feature","id":578,"properties":{"insula_id":"TIMG.E-NW.I18","description":"N-17/18 (Germain 1969: 106), extramural NW; possibly collective building or baths complex (Germain 1969: 106-118)","period":"Peak Prosperity (3rd-4th c.); Late Empire restoration activity (Laghmouche 2024, Table 1)","plan_source":"Ballu Rapport 1925: 39 (plan); Germain 1969 fig. 15 (106-118); Ballu Rapport 1915 (BCTH 1916: 239-242, thermes); Rapport 1916 (BCTH 1917: 292-300)"},"geometry":{"type":"LineString","coordinates":[[6.4655684,35.4848349],[6.4655996,35.4847696]]}},{"type":"Feature","id":579,"properties":{"insula_id":"TIMG.E-NW.I18","description":"N-17/18 (Germain 1969: 106), extramural NW; possibly collective building or baths complex (Germain 1969: 106-118)","period":"Peak Prosperity (3rd-4th c.); Late Empire restoration activity (Laghmouche 2024, Table 1)","plan_source":"Ballu Rapport 1925: 39 (plan); Germain 1969 fig. 15 (106-118); Ballu Rapport 1915 (BCTH 1916: 239-242, thermes); Rapport 1916 (BCTH 1917: 292-300)"},"geometry":{"type":"LineString","coordinates":[[6.4655254,35.4848246],[6.4655524,35.4847928]]}},{"type":"Feature","id":580,"properties":{"insula_id":"TIMG.E-NW.I18","description":"N-17/18 (Germain 1969: 106), extramural NW; possibly collective building or baths complex (Germain 1969: 106-118)","period":"Peak Prosperity (3rd-4th c.); Late Empire restoration activity (Laghmouche 2024, Table 1)","plan_source":"Ballu Rapport 1925: 39 (plan); Germain 1969 fig. 15 (106-118); Ballu Rapport 1915 (BCTH 1916: 239-242, thermes); Rapport 1916 (BCTH 1917: 292-300)"},"geometry":{"type":"LineString","coordinates":[[6.4654485,35.484748],[6.4654559,35.4847362]]}},{"type":"Feature","id":581,"properties":{"insula_id":"TIMG.E-NW.I18","description":"N-17/18 (Germain 1969: 106), extramural NW; possibly collective building or baths complex (Germain 1969: 106-118)","period":"Peak Prosperity (3rd-4th c.); Late Empire restoration activity (Laghmouche 2024, Table 1)","plan_source":"Ballu Rapport 1925: 39 (plan); Germain 1969 fig. 15 (106-118); Ballu Rapport 1915 (BCTH 1916: 239-242, thermes); Rapport 1916 (BCTH 1917: 292-300)"},"geometry":{"type":"LineString","coordinates":[[6.4654556,35.4847163],[6.4654626,35.4846933]]}},{"type":"Feature","id":582,"properties":{"insula_id":"TIMG.E-NW.I18","description":"N-17/18 (Germain 1969: 106), extramural NW; possibly collective building or baths complex (Germain 1969: 106-118)","period":"Peak Prosperity (3rd-4th c.); Late Empire restoration activity (Laghmouche 2024, Table 1)","plan_source":"Ballu Rapport 1925: 39 (plan); Germain 1969 fig. 15 (106-118); Ballu Rapport 1915 (BCTH 1916: 239-242, thermes); Rapport 1916 (BCTH 1917: 292-300)"},"geometry":{"type":"LineString","coordinates":[[6.4654631,35.4848171],[6.4654761,35.4847852]]}},{"type":"Feature","id":583,"properties":{"insula_id":"TIMG.E-NW.I18","description":"N-17/18 (Germain 1969: 106), extramural NW; possibly collective building or baths complex (Germain 1969: 106-118)","period":"Peak Prosperity (3rd-4th c.); Late Empire restoration activity (Laghmouche 2024, Table 1)","plan_source":"Ballu Rapport 1925: 39 (plan); Germain 1969 fig. 15 (106-118); Ballu Rapport 1915 (BCTH 1916: 239-242, thermes); Rapport 1916 (BCTH 1917: 292-300)"},"geometry":{"type":"LineString","coordinates":[[6.4653461,35.4849145],[6.465348,35.4849045]]}},{"type":"Feature","id":584,"properties":{"insula_id":"TIMG.E-NW.I18","description":"N-17/18 (Germain 1969: 106), extramural NW; possibly collective building or baths complex (Germain 1969: 106-118)","period":"Peak Prosperity (3rd-4th c.); Late Empire restoration activity (Laghmouche 2024, Table 1)","plan_source":"Ballu Rapport 1925: 39 (plan); Germain 1969 fig. 15 (106-118); Ballu Rapport 1915 (BCTH 1916: 239-242, thermes); Rapport 1916 (BCTH 1917: 292-300)"},"geometry":{"type":"LineString","coordinates":[[6.4653519,35.4848931],[6.4653542,35.4848775],[6.4653264,35.4848753],[6.465319,35.4848738],[6.465316,35.4848709],[6.4653158,35.4848673],[6.4653156,35.4848619]]}},{"type":"Feature","id":585,"properties":{"insula_id":"TIMG.E-NW.I18","description":"N-17/18 (Germain 1969: 106), extramural NW; possibly collective building or baths complex (Germain 1969: 106-118)","period":"Peak Prosperity (3rd-4th c.); Late Empire restoration activity (Laghmouche 2024, Table 1)","plan_source":"Ballu Rapport 1925: 39 (plan); Germain 1969 fig. 15 (106-118); Ballu Rapport 1915 (BCTH 1916: 239-242, thermes); Rapport 1916 (BCTH 1917: 292-300)"},"geometry":{"type":"LineString","coordinates":[[6.4653714,35.4848877],[6.4653731,35.4848764],[6.4653542,35.4848775]]}},{"type":"Feature","id":586,"properties":{"insula_id":"TIMG.E-NW.I18","description":"N-17/18 (Germain 1969: 106), extramural NW; possibly collective building or baths complex (Germain 1969: 106-118)","period":"Peak Prosperity (3rd-4th c.); Late Empire restoration activity (Laghmouche 2024, Table 1)","plan_source":"Ballu Rapport 1925: 39 (plan); Germain 1969 fig. 15 (106-118); Ballu Rapport 1915 (BCTH 1916: 239-242, thermes); Rapport 1916 (BCTH 1917: 292-300)"},"geometry":{"type":"LineString","coordinates":[[6.4653542,35.4848775],[6.4653574,35.4848673],[6.4653707,35.4848562],[6.4653817,35.4848565],[6.4653935,35.4848597],[6.4653939,35.4848698],[6.4653952,35.4848823],[6.4653954,35.4848871],[6.4653937,35.4848817],[6.4653893,35.4848807],[6.4653826,35.4848785],[6.4653731,35.4848764],[6.4653731,35.4848764]]}},{"type":"Feature","id":587,"properties":{"insula_id":"TIMG.E-NW.I18","description":"N-17/18 (Germain 1969: 106), extramural NW; possibly collective building or baths complex (Germain 1969: 106-118)","period":"Peak Prosperity (3rd-4th c.); Late Empire restoration activity (Laghmouche 2024, Table 1)","plan_source":"Ballu Rapport 1925: 39 (plan); Germain 1969 fig. 15 (106-118); Ballu Rapport 1915 (BCTH 1916: 239-242, thermes); Rapport 1916 (BCTH 1917: 292-300)"},"geometry":{"type":"LineString","coordinates":[[6.4654023,35.4848618],[6.4654132,35.4848276],[6.4653635,35.484823]]}},{"type":"Feature","id":588,"properties":{"insula_id":"TIMG.NE.I1","wall_type":"external","description":"Insula 70 (Germain 1969: 37), Trajanic grid; NE corner of Forum, forum adjacent","period":"Roman Imperial (2nd c. AD) (Ballu 1897)","plan_source":"Ballu 1897: 224-226, fig. 36; BCB 1905: 88-92, plan fig. 40; Germain 1969: 37; Rebuffat 1969: 677"},"geometry":{"type":"LineString","coordinates":[[6.4690342,35.4854539],[6.4689629,35.4854494]]}},{"type":"Feature","id":589,"properties":{"insula_id":"TIMG.NE.I1","wall_type":"external","description":"Insula 70 (Germain 1969: 37), Trajanic grid; NE corner of Forum, forum adjacent","period":"Roman Imperial (2nd c. AD) (Ballu 1897)","plan_source":"Ballu 1897: 224-226, fig. 36; BCB 1905: 88-92, plan fig. 40; Germain 1969: 37; Rebuffat 1969: 677"},"geometry":{"type":"LineString","coordinates":[[6.4689409,35.4854462],[6.4689121,35.4854438]]}},{"type":"Feature","id":590,"properties":{"insula_id":"TIMG.NE.I1","wall_type":"internal","description":"Insula 70 (Germain 1969: 37), Trajanic grid; NE corner of Forum, forum adjacent","period":"Roman Imperial (2nd c. AD) (Ballu 1897)","plan_source":"Ballu 1897: 224-226, fig. 36; BCB 1905: 88-92, plan fig. 40; Germain 1969: 37; Rebuffat 1969: 677"},"geometry":{"type":"LineString","coordinates":[[6.4690369,35.4853052],[6.4690017,35.4853023],[6.4689449,35.4852977],[6.468929,35.4852964],[6.4688882,35.4852931],[6.4688329,35.4852886]]}},{"type":"Feature","id":591,"properties":{"insula_id":"TIMG.NE.I1","wall_type":"internal","description":"Insula 70 (Germain 1969: 37), Trajanic grid; NE corner of Forum, forum adjacent","period":"Roman Imperial (2nd c. AD) (Ballu 1897)","plan_source":"Ballu 1897: 224-226, fig. 36; BCB 1905: 88-92, plan fig. 40; Germain 1969: 37; Rebuffat 1969: 677"},"geometry":{"type":"LineString","coordinates":[[6.4688378,35.485258],[6.4688561,35.4852591]]}},{"type":"Feature","id":592,"properties":{"insula_id":"TIMG.NE.I1","wall_type":"internal","description":"Insula 70 (Germain 1969: 37), Trajanic grid; NE corner of Forum, forum adjacent","period":"Roman Imperial (2nd c. AD) (Ballu 1897)","plan_source":"Ballu 1897: 224-226, fig. 36; BCB 1905: 88-92, plan fig. 40; Germain 1969: 37; Rebuffat 1969: 677"},"geometry":{"type":"LineString","coordinates":[[6.4688773,35.4852602],[6.4689093,35.485261]]}},{"type":"Feature","id":593,"properties":{"insula_id":"TIMG.NE.I1","wall_type":"internal","description":"Insula 70 (Germain 1969: 37), Trajanic grid; NE corner of Forum, forum adjacent","period":"Roman Imperial (2nd c. AD) (Ballu 1897)","plan_source":"Ballu 1897: 224-226, fig. 36; BCB 1905: 88-92, plan fig. 40; Germain 1969: 37; Rebuffat 1969: 677"},"geometry":{"type":"LineString","coordinates":[[6.4689264,35.4852619],[6.4689709,35.4852643]]}},{"type":"Feature","id":594,"properties":{"insula_id":"TIMG.NE.I1","wall_type":"internal","description":"Insula 70 (Germain 1969: 37), Trajanic grid; NE corner of Forum, forum adjacent","period":"Roman Imperial (2nd c. AD) (Ballu 1897)","plan_source":"Ballu 1897: 224-226, fig. 36; BCB 1905: 88-92, plan fig. 40; Germain 1969: 37; Rebuffat 1969: 677"},"geometry":{"type":"LineString","coordinates":[[6.46898,35.4852651],[6.4690562,35.4852703]]}},{"type":"Feature","id":595,"properties":{"insula_id":"TIMG.NE.I1","wall_type":"internal","description":"Insula 70 (Germain 1969: 37), Trajanic grid; NE corner of Forum, forum adjacent","period":"Roman Imperial (2nd c. AD) (Ballu 1897)","plan_source":"Ballu 1897: 224-226, fig. 36; BCB 1905: 88-92, plan fig. 40; Germain 1969: 37; Rebuffat 1969: 677"},"geometry":{"type":"LineString","coordinates":[[6.4690017,35.4853023],[6.469007,35.4852259]]}},{"type":"Feature","id":596,"properties":{"insula_id":"TIMG.NE.I1","wall_type":"internal","description":"Insula 70 (Germain 1969: 37), Trajanic grid; NE corner of Forum, forum adjacent","period":"Roman Imperial (2nd c. AD) (Ballu 1897)","plan_source":"Ballu 1897: 224-226, fig. 36; BCB 1905: 88-92, plan fig. 40; Germain 1969: 37; Rebuffat 1969: 677"},"geometry":{"type":"LineString","coordinates":[[6.4689449,35.4852977],[6.4689502,35.4852177]]}},{"type":"Feature","id":597,"properties":{"insula_id":"TIMG.NE.I1","wall_type":"internal","description":"Insula 70 (Germain 1969: 37), Trajanic grid; NE corner of Forum, forum adjacent","period":"Roman Imperial (2nd c. AD) (Ballu 1897)","plan_source":"Ballu 1897: 224-226, fig. 36; BCB 1905: 88-92, plan fig. 40; Germain 1969: 37; Rebuffat 1969: 677"},"geometry":{"type":"LineString","coordinates":[[6.4688882,35.4852931],[6.4688941,35.485216]]}},{"type":"Feature","id":598,"properties":{"insula_id":"TIMG.NE.I1","wall_type":"external","description":"Insula 70 (Germain 1969: 37), Trajanic grid; NE corner of Forum, forum adjacent","period":"Roman Imperial (2nd c. AD) (Ballu 1897)","plan_source":"Ballu 1897: 224-226, fig. 36; BCB 1905: 88-92, plan fig. 40; Germain 1969: 37; Rebuffat 1969: 677"},"geometry":{"type":"LineString","coordinates":[[6.4688329,35.4852886],[6.4688371,35.4852125]]}},{"type":"Feature","id":599,"properties":{"insula_id":"TIMG.NE.I1","wall_type":"external","description":"Insula 70 (Germain 1969: 37), Trajanic grid; NE corner of Forum, forum adjacent","period":"Roman Imperial (2nd c. AD) (Ballu 1897)","plan_source":"Ballu 1897: 224-226, fig. 36; BCB 1905: 88-92, plan fig. 40; Germain 1969: 37; Rebuffat 1969: 677"},"geometry":{"type":"LineString","coordinates":[[6.4688371,35.4852125],[6.4688433,35.4852123]]}},{"type":"Feature","id":600,"properties":{"insula_id":"TIMG.NE.I1","wall_type":"external","description":"Insula 70 (Germain 1969: 37), Trajanic grid; NE corner of Forum, forum adjacent","period":"Roman Imperial (2nd c. AD) (Ballu 1897)","plan_source":"Ballu 1897: 224-226, fig. 36; BCB 1905: 88-92, plan fig. 40; Germain 1969: 37; Rebuffat 1969: 677"},"geometry":{"type":"LineString","coordinates":[[6.4688674,35.4852123],[6.4689248,35.4852157]]}},{"type":"Feature","id":601,"properties":{"insula_id":"TIMG.NE.I1","wall_type":"external","description":"Insula 70 (Germain 1969: 37), Trajanic grid; NE corner of Forum, forum adjacent","period":"Roman Imperial (2nd c. AD) (Ballu 1897)","plan_source":"Ballu 1897: 224-226, fig. 36; BCB 1905: 88-92, plan fig. 40; Germain 1969: 37; Rebuffat 1969: 677"},"geometry":{"type":"LineString","coordinates":[[6.4689406,35.4852167],[6.4689739,35.4852184]]}},{"type":"Feature","id":602,"properties":{"insula_id":"TIMG.NE.I1","wall_type":"external","description":"Insula 70 (Germain 1969: 37), Trajanic grid; NE corner of Forum, forum adjacent","period":"Roman Imperial (2nd c. AD) (Ballu 1897)","plan_source":"Ballu 1897: 224-226, fig. 36; BCB 1905: 88-92, plan fig. 40; Germain 1969: 37; Rebuffat 1969: 677"},"geometry":{"type":"LineString","coordinates":[[6.4689893,35.4852197],[6.4690071,35.4852209],[6.4690263,35.4852223]]}},{"type":"Feature","id":603,"properties":{"insula_id":"TIMG.NE.I1","wall_type":"internal","description":"Insula 70 (Germain 1969: 37), Trajanic grid; NE corner of Forum, forum adjacent","period":"Roman Imperial (2nd c. AD) (Ballu 1897)","plan_source":"Ballu 1897: 224-226, fig. 36; BCB 1905: 88-92, plan fig. 40; Germain 1969: 37; Rebuffat 1969: 677"},"geometry":{"type":"LineString","coordinates":[[6.469007,35.4852259],[6.4690071,35.4852209]]}},{"type":"Feature","id":604,"properties":{"insula_id":"TIMG.NE.I1","wall_type":"external","description":"Insula 70 (Germain 1969: 37), Trajanic grid; NE corner of Forum, forum adjacent","period":"Roman Imperial (2nd c. AD) (Ballu 1897)","plan_source":"Ballu 1897: 224-226, fig. 36; BCB 1905: 88-92, plan fig. 40; Germain 1969: 37; Rebuffat 1969: 677"},"geometry":{"type":"LineString","coordinates":[[6.4690421,35.4852222],[6.4690604,35.485223]]}},{"type":"Feature","id":605,"properties":{"insula_id":"TIMG.NE.I1","wall_type":"external","description":"Insula 70 (Germain 1969: 37), Trajanic grid; NE corner of Forum, forum adjacent","period":"Roman Imperial (2nd c. AD) (Ballu 1897)","plan_source":"Ballu 1897: 224-226, fig. 36; BCB 1905: 88-92, plan fig. 40; Germain 1969: 37; Rebuffat 1969: 677"},"geometry":{"type":"LineString","coordinates":[[6.4690604,35.485223],[6.4690515,35.4853068]]}},{"type":"Feature","id":606,"properties":{"insula_id":"TIMG.NE.I1","wall_type":"internal","description":"Insula 70 (Germain 1969: 37), Trajanic grid; NE corner of Forum, forum adjacent","period":"Roman Imperial (2nd c. AD) (Ballu 1897)","plan_source":"Ballu 1897: 224-226, fig. 36; BCB 1905: 88-92, plan fig. 40; Germain 1969: 37; Rebuffat 1969: 677"},"geometry":{"type":"LineString","coordinates":[[6.4688326,35.4853369],[6.468883,35.4853408],[6.468926,35.4853441]]}},{"type":"Feature","id":607,"properties":{"insula_id":"TIMG.NE.I1","wall_type":"internal","description":"Insula 70 (Germain 1969: 37), Trajanic grid; NE corner of Forum, forum adjacent","period":"Roman Imperial (2nd c. AD) (Ballu 1897)","plan_source":"Ballu 1897: 224-226, fig. 36; BCB 1905: 88-92, plan fig. 40; Germain 1969: 37; Rebuffat 1969: 677"},"geometry":{"type":"LineString","coordinates":[[6.4688882,35.4852931],[6.468883,35.4853408]]}},{"type":"Feature","id":608,"properties":{"insula_id":"TIMG.NE.I1","wall_type":"internal","description":"Insula 70 (Germain 1969: 37), Trajanic grid; NE corner of Forum, forum adjacent","period":"Roman Imperial (2nd c. AD) (Ballu 1897)","plan_source":"Ballu 1897: 224-226, fig. 36; BCB 1905: 88-92, plan fig. 40; Germain 1969: 37; Rebuffat 1969: 677"},"geometry":{"type":"LineString","coordinates":[[6.468926,35.4853441],[6.4689269,35.4853286]]}},{"type":"Feature","id":609,"properties":{"insula_id":"TIMG.NE.I1","wall_type":"internal","description":"Insula 70 (Germain 1969: 37), Trajanic grid; NE corner of Forum, forum adjacent","period":"Roman Imperial (2nd c. AD) (Ballu 1897)","plan_source":"Ballu 1897: 224-226, fig. 36; BCB 1905: 88-92, plan fig. 40; Germain 1969: 37; Rebuffat 1969: 677"},"geometry":{"type":"LineString","coordinates":[[6.4689278,35.4853212],[6.468929,35.4852964]]}}]}